排名,名称,追番人数
1,鬼灭之刃,1080.1万追番
2,咒术回战,1021.8万追番
3,工作细胞：细胞大作战,914.3万追剧
4,关于我转生变成史莱姆这档事 第二季,883.1万追番
5,Re：从零开始的异世界生活 第二季 后半,838万追番
6,工作细胞 第二季,836.6万追番
7,关于我转生变成史莱姆这档事 转生史莱姆日记,829.3万追番
8,小林家的龙女仆 第二季,828.2万追番
9,工作细胞,789.1万追番
10,鬼灭之刃（中配）,770.3万追番
11,Re：从零开始的异世界生活 第二季 前半,764.9万追番
12,小林家的龙女仆,752.3万追番
13,辉夜大小姐想让我告白？～天才们的恋爱头脑战～,736.1万追番
14,辉夜大小姐想让我告白～天才们的恋爱头脑战～,713万追番
15,紫罗兰永恒花园,708.8万追番
16,关于我转生变成史莱姆这档事,707.5万追番
17,青春猪头少年不会梦到兔女郎学姐,707.1万追番
18,埃罗芒阿老师,683.7万追番
19,欢迎来到实力至上主义的教室,677万追番
20,JOJO的奇妙冒险 石之海,653.5万追番
21,冰,633.9万追番
22,某科学的超电磁炮T,612万追番
23,刀剑神域 爱丽丝篇 异界战争 -终章-,611.7万追番
24,堀与宫村,606.5万追番
25,紫罗兰永恒花园外传：永远与自动手记人偶,587.2万追剧
26,OVERLORD,581万追番
27,因为太怕痛就全点防御力了,578.4万追番
28,转生成蜘蛛又怎样！,577.9万追番
29,夏目友人帐 唤石者与怪异的访客,564.4万追番
30,在下坂本，有何贵干？,554.2万追番
31,我的青春恋爱物语果然有问题。完,534.9万追番
32,徒然喜欢你,533.9万追番
33,OVERLORD Ⅲ,529.9万追番
34,OVERLORD Ⅱ,517.8万追番
35,刀剑神域 爱丽丝篇 异界战争,512.3万追番
36,岸边露伴 一动也不动,509.8万追番
37,某科学的超电磁炮,502.9万追番
38,四月是你的谎言,502.5万追番
39,Angels of Death,496.6万追番
40,这个勇者明明超强却过分慎重,495.4万追番
41,JOJO的奇妙冒险,495万追番
42,Re：从零开始的异世界生活 Memory Snow(雪之回忆),490.5万追番
43,Re：从零开始的异世界生活 冰结之绊,490.4万追番
44,命运-冠位指定 -月光／失落之室-,489.8万追番
45,青春猪头少年不会梦到怀梦美少女,487万追番
46,命运-冠位嘉年华,482.6万追番
47,干物妹！小埋R,474.1万追番
48,命运-冠位指定 绝对魔兽战线 巴比伦尼亚,467.4万追番
49,盾之勇者成名录,466.8万追番
50,总之就是非常可爱,466.2万追番
51,干物妹！小埋,465万追番
52,Charlotte,458.3万追番
53,异度侵入 ID:INVADED,456.9万追番
54,致不灭的你,454.6万追番
55,刀剑神域 Alicization,451.4万追番
56,虚构推理,451.3万追番
57,约战狂三外传,448.7万追番
58,JOJO的奇妙冒险 黄金之风,445.6万追番
59,五等分的新娘?,444.4万追番
60,多罗罗,432.9万追番
61,NO GAME NO LIFE 游戏人生,432.9万追番
62,中二病也要谈恋爱！,425.6万追番
63,Fate/stay night [Unlimited Blade Works] 第一季,425.5万追番
64,我的青春恋爱物语果然有问题。,415.8万追番
65,命运之夜――天之杯II ：迷失之蝶,412.3万追剧
66,JOJO的奇妙冒险 星尘远征军,410万追番
67,Fate/Apocrypha,409万追番
68,路人女主的养成方法 Fine,407.6万追番
69,路人女主的养成方法,405.5万追番
70,我们仍未知道那天所看见的花的名字。,398.6万追番
71,JOJO的奇妙冒险 星尘远征军 埃及篇,394万追番
72,碧蓝之海,390.7万追番
73,五等分的新娘,387万追番
74,Fate/Zero 第一季,384.7万追番
75,龙王的工作！,373.9万追番
76,转生成为了只有乙女游戏破灭Flag的邪恶大小姐 第二季,373.7万追番
77,名侦探柯南,371.1万追番
78,齐木楠雄的灾难 始动篇,369.1万追番
79,月刊少女野崎君,368.2万追番
80,Ｄｒ．ＳＴＯＮＥ 石纪元  (第二季),366.1万追番
81,境界的彼方,365.7万追番
82,动物狂想曲 / BEASTARS 第二季,365万追番
83,樱花庄的宠物女孩,360.5万追番
84,路人女主的养成方法 ?,356.2万追番
85,Re：创造主,352.4万追番
86,笨女孩,351.9万追番
87,地缚少年花子君,348.1万追番
88,天使降临到我身边,347万追番
89,食戟之灵 餐之皿,342.9万追番
90,游戏人生 零,342.5万追剧
91,卫宫家今天的饭,341.9万追番
92,月色真美,340.4万追番
93,约定的梦幻岛,338.5万追番
94,国王排名,337.3万追番
95,罪恶王冠,336.1万追番
96,约定的梦幻岛 第二季,336万追番
97,平凡职业造就世界最强,334.8万追番
98,动物狂想曲 / BEASTARS,332.2万追番
99,入间同学入魔了 第二季,331.2万追番
100,魔法禁书目录 第一季,330.4万追番
101,"世界顶尖的暗杀者,转生为异世界贵族",329.3万追番
102,日常,326.2万追番
103,转生成为了只有乙女游戏破灭Flag的邪恶大小姐,324.3万追番
104,刀剑神域,323.4万追番
105,宝石之国,319.7万追番
106,Ｄｒ．ＳＴＯＮＥ 石纪元,319.1万追番
107,CLANNAD,318.7万追番
108,路人超能100 第一次灵能咨询所员工旅游～舒缓心灵的疗愈之旅~（OVA2）,318.4万追番
109,路人超能100(灵能百分百),315.6万追番
110,终结的炽天使,314.7万追番
111,可塑性记忆,314.7万追番
112,魔女之旅,311.9万追番
113,我的青春恋爱物语果然有问题。续,311.5万追番
114,异世界迷宫黑心企业,310.3万追番
115,珈百璃的堕落,309万追番
116,全员恶玉,307.1万追番
117,魔法禁书目录 第三季,305.9万追番
118,龙与虎,303.7万追番
119,女高中生的虚度日常,302.6万追番
120,野良神,302.4万追番
121,夏目友人帐,300.5万追番
122,天气之子,298.2万追剧
123,阿宅的恋爱真难,296.9万追番
124,Fate/EXTRA Last Encore,294.5万追番
125,公主连结Re:Dive,292.2万追番
126,魔卡少女樱 CLEAR CARD篇,290.5万追番
127,齐木楠雄的灾难,290.1万追番
128,理科生坠入情网，故尝试证明。 第二季,289.5万追番
129,工作细胞BLACK,288.7万追番
130,半妖的夜叉姬 第二季,288.4万追番
131,Fate/stay night [Unlimited Blade Works] 第二季,282.3万追番
132,男子高中生的日常,281.9万追番
133,文豪野犬?第三季,280.7万追番
134,超能力女儿,280.1万追番
135,某科学的一方通行,279.5万追番
136,理科生坠入情网，故尝试证明。,279.3万追番
137,文豪野犬 汪！,277.6万追番
138,极主夫道,276.8万追番
139,秒速五厘米,275.1万追番
140,路人超能100 II(灵能百分百 第二季),274万追番
141,如果能写小说就好了,273.9万追番
142,入间同学入魔了,270.8万追番
143,JOJO的奇妙冒险 不灭钻石,269.1万追番
144,在魔王城说晚安,268.3万追番
145,炎炎消防队 贰之章,267.8万追番
146,打了300年的史莱姆，不知不觉就练到了满级,265.8万追番
147,钢之炼金术师 FULLMETAL ALCHEMIST,265.8万追番
148,约会大作战,265.5万追番
149,月光下的异世界之旅,265.4万追番
150,甘城光辉游乐园,259.7万追番
151,炎炎消防队,258.8万追番
152,元气少女缘结神◎,258.1万追番
153,在地下城寻求邂逅是否搞错了什么 第三季,257.5万追番
154,夏目友人帐 第五季,256.9万追番
155,擅长捉弄的高木同学 第二季,255.3万追番
156,某科学的超电磁炮S,253.8万追番
157,线上游戏的队友不可能是女生？,253.3万追番
158,愤怒的审判,252.4万追番
159,食戟之灵,250.8万追番
160,好比是最终迷宫前的少年到新手村生活一般的故事,250.7万追番
161,玉子市场,250.1万追番
162,我女友与青梅竹马的惨烈修罗场,249.6万追番
163,贤者之孙,248.7万追番
164,你的名字。,248.3万追剧
165,中二病也要谈恋爱！恋,248.3万追番
166,请问您今天要来点兔子吗？BLOOM,247.8万追番
167,猫和老鼠 旧版,245.3万追番
168,野良神 ARAGOTO,245.1万追番
169,约会大作战 第三季,245.1万追番
170,从零开始的魔法书,244.7万追番
171,黑色四叶草,244.1万追番
172,落第骑士英雄谭,242.7万追番
173,侦探已死,242.5万追番
174,Fate/Grand Order \First Order\,242.4万追番
175,言叶之庭,242.3万追番
176,打工吧！魔王大人,242.2万追番
177,喜欢本大爷的竟然就你一个？,242.1万追番
178,会长是女仆大人！,241.3万追番
179,奇蛋物语 / WONDER EGG PRIORITY,237.8万追番
180,魔法纪录 魔法少女小圆外传 第二季,237.8万追番
181,装甲重拳/MEGALOBOX 第二季,236.6万追番
182,精灵幻想记,235.7万追番
183,齐木楠雄的灾难 第二季,234.7万追番
184,幻界战线,232.6万追番
185,君主・埃尔梅罗二世事件簿 魔眼收集列车 Grace note,232.1万追番
186,宇崎学妹想要玩！,231.8万追番
187,CAROLE & TUESDAY,231.1万追番
188,小木乃伊到我家,228.6万追番
189,漆黑的子弹,228.1万追番
190,死神少爷与黑女仆,228万追番
191,少女终末旅行,227.6万追番
192,Angel Beats!,225.5万追番
193,我的妹妹不可能那么可爱 第一季,225.4万追番
194,我，不是说了能力要平均值么！,225.3万追番
195,我们的重制人生,225万追番
196,食戟之灵 贰之皿,223.4万追番
197,此花亭奇谭,223.3万追番
198,重来吧，魔王大人！,223.2万追番
199,星掠者,223.2万追番
200,Fate/Zero 第二季,223万追番
201,轻音少女 第一季,222.8万追番
202,银魂,220.3万追番
203,骑士&魔法,219.6万追番
204,属性咖啡厅,217.9万追番
205,终结的炽天使 名古屋决战篇,216.6万追番
206,K,214.3万追番
207,诸神的逆鳞,213.5万追番
208,博人传 火影忍者新时代,212.8万追番
209,你与我最后的战场，亦或是世界起始的圣战,211.4万追番
210,装甲重拳/MEGALOBOX,211万追番
211,夏目友人帐 第六季,210.8万追番
212,声之形,208.8万追剧
213,这个美术社大有问题！,208.4万追番
214,地狱少女,208.2万追番
215,在地下城寻求邂逅是否搞错了什么 第二季,208万追番
216,我被逐出队伍后过上慢生活,203.6万追番
217,伪恋,203.4万追番
218,我立于百万生命之上（第二季）,203.2万追番
219,玉子爱情故事,202.2万追番
220,犬夜叉,201.9万追番
221,半妖的夜叉姬,200.3万追番
222,我立于百万生命之上,199.7万追番
223,双星之阴阳师,198.3万追番
224,pop子和pipi美的日常,197.5万追番
225,成神之日,197.4万追番
226,One Room 第三季,196.4万追番
227,戒律的复活,194.4万追番
228,弱势角色友崎君,194.4万追番
229,魔法少女小圆,194.2万追番
230,学战都市Asterisk,193.3万追番
231,剑姬神圣谭 在地下城寻求邂逅是否搞错了什么 外传,192.7万追番
232,无论何时我们的恋情都是10厘米。～告白实行委员会～,192.6万追番
233,无能力者娜娜,191万追番
234,异世界食堂,189.8万追番
235,请问您今天要来点兔子吗？,189万追番
236,EVA 新世纪福音战士,188.5万追番
237,邻座的怪同学,188.2万追番
238,火影忍者 疾风传,186.1万追番
239,瓦尼塔斯的手记,183.5万追番
240,我们无法一起学习！,182.6万追番
241,无限滑板 / SK8 the Infinity,182.4万追番
242,世界尽头的圣骑士,182.2万追番
243,神之塔,180.9万追番
244,齐木楠雄的灾难（日播&精选版）,180.1万追番
245,忧国的莫里亚蒂,179.6万追番
246,One Room,178.5万追番
247,见面5秒开始战斗,178.1万追番
248,我们无法一起学习,177.9万追番
249,ReLIFE,177.7万追番
250,格莱普尼尔,176.9万追番
251,终将成为你,176.3万追番
252,百变小樱,175.6万追番
253,Love Live! School Idol Project,175.2万追番
254,幻界战线 & BEYOND,174.2万追番
255,异界少女召唤术,173.5万追番
256,问题儿童都来自异世界？,172.3万追番
257,关于前辈很烦人的事,172.1万追番
258,我太受欢迎了该怎么办,170.9万追番
259,黑执事,170.9万追番
260,品酒要在成为夫妻后,170.8万追番
261,Just Because!,170.7万追番
262,青梅竹马绝对不会输的恋爱喜剧,170.5万追番
263,邪神与厨二病少女,170.4万追番
264,没落要塞 / DECA-DENCE,169.3万追番
265,地狱少女 宵伽,168.8万追番
266,邪神与厨二病少女 第二季,168.7万追番
267,GOSICK,168.6万追番
268,实况主的逃脱游戏,168.2万追番
269,魔法禁书目录 第二季,168.1万追番
270,街角魔族,168.1万追番
271,流汗吧！健身少女,167.7万追番
272,樱子小姐的脚下埋着秘密,167.6万追番
273,弹丸论破,166.9万追番
274,URARA迷路帖,166.6万追番
275,悠哉日常大王 第三季,166.4万追番
276,魔法纪录 魔法少女小圆外传,165.5万追番
277,Love Live! 学园偶像 电影,165.3万追番
278,请问您今天要来点兔子吗？？～Sing for You～,164.9万追番
279,宿命回响：命运节拍,164.8万追番
280,笨蛋，测验，召唤兽,164.1万追番
281,迪迦奥特曼（中配）,164万追番
282,伪恋：,163.9万追番
283,碧蓝航线,163.9万追番
284,记录的地平线 圆桌崩坏,162.4万追番
285,碧蓝航线：微速前行！,161.2万追番
286,K RETURN OF KINGS,159.9万追番
287,Rewrite,158.2万追番
288,家庭教师HITMAN REBORN!,157.6万追番
289,刺客守则,157.3万追番
290,冰海战记,156.8万追番
291,薇薇 -萤石眼之歌-,156.6万追番
292,强风吹拂,156.4万追番
293,ISLAND,156.4万追番
294,斩服少女,156.3万追番
295,魔王勇者,155.3万追番
296,NEW GAME!,155万追番
297,无头骑士异闻录,155万追番
298,SSSS.电光机王,154.8万追番
299,灰与幻想的格林姆迦尔,154.5万追番
300,银魂 第二季,153.7万追番
301,命运之夜――天之杯：恶兆之花,153万追剧
302,Fate/kaleid liner 魔法少女☆伊莉雅 Prisma☆Phantasm,152.2万追番
303,鬼灯的冷彻,152.1万追番
304,青春之旅,151.8万追番
305,银魂 第三季,151.5万追番
306,邻家索菲,151.4万追番
307,龙先生，想要买个家,150.6万追番
308,比宇宙更远的地方,149.1万追番
309,进化之实 踏上胜利的人生,148.9万追番
310,妖精森林的小不点,147.1万追番
311,DARKER THAN BLACK -黑之契约者-,147.1万追番
312,忧国的莫里亚蒂 后半,147万追番
313,川柳少女,146.7万追番
314,×××HOLiC,146.6万追番
315,散华礼弥,145.4万追番
316,变态王子与不笑猫,144.5万追番
317,现实主义勇者的王国再建记,144.1万追番
318,哆啦A梦：大雄的新恐龙,143.7万追剧
319,被神捡到的男人,143.3万追番
320,熊熊勇闯异世界,142.9万追番
321,爱吃拉面的小泉同学,141.8万追番
322,吹响吧！上低音号,141.4万追番
323,GAMERS电玩咖！,140.2万追番
324,鬼灯的冷彻 第二季,139.2万追番
325,弹丸论破3 -未来篇-,139.1万追番
326,刀剑乱舞-花丸-,138.3万追番
327,圣女魔力无所不能,138.1万追番
328,CLANNAD ～AFTER STORY～,137.2万追番
329,COP CRAFT,136.5万追番
330,一起一起这里那里,136.5万追番
331,伊甸星原 EDENS ZERO,135.3万追番
332,绯弹的亚里亚,135.3万追番
333,命运之夜??06版,133.6万追番
334,怪化猫,133.3万追番
335,女神异闻录5 动画版,132.3万追番
336,她和她的猫,131.9万追番
337,无限系统树,131.4万追番
338,来自风平浪静的明天,130.8万追番
339,八男？别闹了！,130.5万追番
340,不吉波普不笑,130万追番
341,热诚传说X,129.3万追番
342,赤发白雪姬 第一季,129.2万追番
343,记录的地平线,129.2万追番
344,超人高中生们即便在异世界也能从容生存！,129.1万追番
345,电波女与青春男,128.7万追番
346,通灵王,128.7万追番
347,3月的狮子,128.4万追番
348,时钟机关之星,128.2万追番
349,零之使魔,128万追番
350,佐贺偶像是传奇 卷土重来,128万追番
351,Free!-Road to the World-梦,127.3万追番
352,NARUTO to BORUTO THE LIVE 2019,127.2万追番
353,名侦探柯南 唐红的恋歌,127万追番
354,弹丸论破3 -绝望篇-,126.3万追番
355,ACCA13区监察课,126.2万追番
356,噬神者,126万追番
357,学战都市Asterisk 第二季,125.7万追番
358,幻想嘉年华,125.4万追番
359,灼眼的夏娜,125.1万追番
360,朝花夕誓,125万追剧
361,M舻木奕 The Final Season（H限港澳台地^）,124.9万追番
362,关于完全听不懂老公在说什么的事 第一季,124.6万追番
363,水果篮子 最终季,123.9万追番
364,欢迎光临樱兰高校,123.3万追番
365,Hand Shakers,122.9万追番
366,学园孤岛,121.8万追番
367,绝园的暴风雨,121.7万追番
368,不正经的魔术讲师与禁忌教典,121万追番
369,夏目友人帐 第二季,120.7万追番
370,只要贝尔哲布布大小姐喜欢就好,120.1万追番
371,星之梦～雪圈球～,119.9万追番
372,赛马娘 第二季,119.9万追番
373,雏子的笔记,118.6万追番
374,请问您今天要来点兔子吗？？,118.6万追番
375,索玛丽与森林之神,118.4万追番
376,魔法少女小圆 剧场版 [新篇] 叛逆的物语,118万追番
377,阴晴不定大哥哥,117.9万追番
378,花开伊吕波,117.8万追番
379,不存在的战区,117.4万追番
380,学园偶像?阳光!!,117.1万追番
381,俺物语！！,117.1万追番
382,只有我不存在的城市,117万追番
383,天狼 Sirius the Jaeger,116.5万追番
384,百武装战记,116.1万追番
385,我的妹妹不可能那么可爱 第二季,115.8万追番
386,LoveLive! Sunshine!! 学园偶像 电影 彩虹彼端,115.8万追番
387,哆啦A梦 第一季,115.2万追番
388,星之梦,115.1万追番
389,宝石商人理查德的谜鉴定,115万追番
390,Little Busters!,114.9万追番
391,多田君不恋爱,114.9万追番
392,DARLING in the FRANXX（H限港澳台地^）,114.6万追番
393,UQ HOLDER！悠久持有者！,114.6万追番
394,刻刻,114.4万追番
395,一周的朋友。,113.5万追番
396,政宗君的复仇,113.5万追番
397,百炼霸王与圣约女武神,113.1万追番
398,天真与闪电,113.1万追番
399,猫咪日常,112.9万追番
400,白沙的水族馆,112.9万追番
401,虫师,112.9万追番
402,加速世界,112.8万追番
403,这爱情有点奇怪,112.7万追番
404,濑户的花嫁,112.5万追番
405,动物新世代 / BNA,111.5万追番
406,夏目友人帐 第三季,110.7万追番
407,少女编号,110.7万追番
408,夏目友人帐 第四季,109.5万追番
409,银仙,109万追番
410,Q版！黑色四叶草,109万追番
411,魔法少女小圆 剧场版 [前篇] 起始的物语,109万追番
412,水果篮子 第二季,108.8万追番
413,Rewrite 2nd Season,108万追番
414,恋爱小行星,107.7万追番
415,黑岩射手 / BLACK★ROCK SHOOTER,107.1万追番
416,Fate/stay night [Unlimited Blade Works] 特典,106.2万追番
417,恋爱随意链接,106.1万追番
418,剧场版 中二病也要谈恋爱！ -Take On Me-,106万追番
419,青之驱魔师,105.3万追番
420,天地创造设计部,105.3万追番
421,Free!,105万追番
422,迪迦奥特曼,104.9万追番
423,小桃小栗Love Love物语,104.9万追番
424,ReLIFE 完结篇,104.8万追番
425,魔法少女☆伊莉雅 2WEI!,104.3万追番
426,小魔女学园 TV版,104万追番
427,来自新世界,103.8万追番
428,魔笛MAGI,103.7万追番
429,萤火之森,103.6万追番
430,NEW GAME!!,103.5万追番
431,滑头鬼之孙,103.3万追番
432,黑白来看守所,103.1万追番
433,终物语,103万追番
434,刀剑神域：序列之争,103万追剧
435,敦君与女朋友,102.8万追番
436,粗点心战争,102.7万追番
437,轻音少女 第二季,102.3万追番
438,One Room 第二季,102.3万追番
439,桃子男孩渡海而来 正序版,102.2万追番
440,桃子男孩渡海而来,102万追番
441,魔法少女小圆 剧场版 [后篇] 永远的物语,101.9万追番
442,钢之炼金术师,100.5万追番
443,青春纪行 / 金色时光,100.5万追番
444,对魔导学园35试验小队,100.1万追番
445,Comic Girls,99.4万追番
446,龙与魔女/BURN THE WITCH,99.2万追番
447,水果篮子 (2019),99.1万追番
448,Free!-Dive to the Future-,97.9万追番
449,AIR,97.9万追番
450,凉宫春日的忧郁 2009,97.5万追番
451,22/7,97.3万追番
452,名侦探柯南（中配）,97万追番
453,超自然9人组,96.7万追番
454,吹响吧！上低音号 第二季,96.5万追番
455,同居人是猫,96.5万追番
456,好想告诉你 第一季,96.3万追番
457,神的记事本,96.1万追番
458,一个人的小日子,95.7万追番
459,王室教师海涅,95.6万追番
460,泽塔奥特曼,95.2万追番
461,逆转裁判,95万追番
462,Love Live! School Idol Project（第二季）,93.9万追番
463,赛马娘,93.5万追番
464,Fate/kaleid liner 魔法少女☆伊莉雅：雪下的誓言,92.7万追番
465,漂流少年,92.6万追番
466,樱花任务,92万追番
467,玛纳利亚的密友（Mysteria Friends）/巴哈姆特之怒/玛娜利亚魔法学院,91.7万追番
468,空战魔导士候补生的教官,91.6万追番
469,M舻木奕 第二季（H限台车^）,91.4万追番
470,黑子的篮球,90.4万追番
471,全职猎人,90.2万追番
472,三坪房间的侵略者！,90.1万追番
473,丹特丽安的书架,89.5万追番
474,从很久以前就喜欢你了。～告白实行委员会～,89.2万追番
475,弦音 -风舞高中弓道部-,89.1万追番
476,GJ部,88.9万追番
477,烟花,88.8万追剧
478,云之彼端，约定的地方,88.8万追番
479,巴克・亚罗/BACK ARROW,87.6万追番
480,我，要成为双马尾。,87.6万追番
481,黑执事II,87.6万追番
482,哆啦A梦：大雄的月球探险记,86.9万追剧
483,吹响吧！上低音号～誓言的终章～,86.8万追番
484,狗与剪刀的正确用法,86.6万追番
485,奇异太郎少年的妖怪绘日记,86.6万追番
486,知晓天空之蓝的人啊,86.4万追番
487,言语如苏打般涌现,86.4万追剧
488,平家物语,85.5万追番
489,重装武器,85.2万追番
490,蜡笔小新 第一季（中文）,85.2万追番
491,恶魔奶爸,85.1万追番
492,电影版 境界的彼方未来篇,84.9万追番
493,攻壳机动队,84.4万追番
494,昨日之歌,84.3万追番
495,初恋怪兽,84.3万追番
496,Caligula 卡里古拉,84.2万追番
497,奈克赛斯奥特曼,84.1万追番
498,夏目友人帐,84.1万追剧
499,排球少年！！,84万追番
500,开挂药师的奇幻世界悠闲生活,83.9万追番
501,放学后海堤日记,83.9万追番
502,龙娘七七七埋藏的宝藏,83.7万追番
503,超时空要塞Δ,83.5万追番
504,突击莉莉 BOUQUET,83.2万追番
505,幸运星,83万追番
506,魔法少女☆伊莉雅 3REI!!,83万追番
507,大神与七位伙伴,82.8万追番
508,非枪人生 第二季,82.6万追番
509,昴宿七星,82.3万追番
510,只有我能进入的隐藏地下城,82.2万追番
511,魔法少女 俺,81.9万追番
512,境界线上的地平线,81.6万追番
513,关于完全听不懂老公在说什么的事 第二季,81.6万追番
514,学生会的一己之见,81.5万追番
515,LoveLive 爱与演唱会!超级明星!!,81.4万追番
516,苍之彼方的四重奏,81.4万追番
517,影宅,80.9万追番
518,Taboo Tattoo－禁忌咒纹－,80.9万追番
519,尽管如此世界依然美丽,80.7万追番
520,晨曦公主,80.7万追番
521,花丸幼稚园,80.6万追番
522,游戏王 怪兽之决斗,80.1万追番
523,暗黑破坏神在身边。,79.7万追番
524,Fate/stay night UNLIMITED BLADE WORKS,79.6万追番
525,结城友奈是勇者 第三季 / 大满开之章,79.6万追番
526,魔弹之王与战姬,79.1万追番
527,盖亚奥特曼,78.9万追番
528,永生之酒,78.8万追番
529,我们仍未知道那天所看见的花的名字。 剧场版,78.8万追番
530,梦比优斯奥特曼,78.7万追番
531,鬼灯的冷彻 第二季 其二,78.7万追番
532,驱魔少年 HALLOW,78.4万追番
533,妖怪公寓的幽雅日常,78.2万追番
534,猎兽神兵,78.1万追番
535,雷欧奥特曼,77.5万追番
536,鲁邦三世 第六季,77.1万追番
537,笨蛋，测验，召唤兽2,76.9万追番
538,怪病医拉姆尼,76万追番
539,欧布奥特曼,75.4万追番
540,ULTRAMAN 机动奥特曼,75.4万追番
541,黑塔利亚 Axis Powers,75万追番
542,盖亚奥特曼（中配）,74.8万追番
543,干物妹！小埋 OVA,74.6万追番
544,如果她的旗帜被折断了,74.4万追番
545,捷德奥特曼,74.3万追番
546,魔王W院的不m任者～史上最的魔王始祖，D生就x子O的W校～（H限台车^）,74.2万追番
547,飞翔的魔女,74.2万追番
548,麦克斯奥特曼,72.8万追番
549,约会大作战 万由里裁决,72.7万追番
550,高斯奥特曼,72.6万追番
551,荒川爆笑团,72.5万追番
552,戴拿奥特曼,72.4万追番
553,艾克斯奥特曼,72.2万追番
554,白色相簿 上半篇章,72.2万追番
555,赛罗奥特曼 英雄传,72.1万追番
556,嫁给非人类,71.7万追番
557,来自深渊 深沉灵魂的黎明,71.6万追番
558,攻壳机动队 SAC_2045,71.4万追番
559,魔法禁书目录 剧场版,71.2万追番
560,戴拿奥特曼（中配）,70.8万追番
561,咱们裸熊 第一季（中配）,70.7万追番
562,皇帝圣印战记,70.6万追番
563,乌冬面之国的金色毛球,70.5万追番
564,TRICKSTER,70.2万追番
565,男子高校生活,70万追番
566,粗点心战争2,69.9万追番
567,少女☆歌剧 Revue Starlight,69.5万追番
568,泰迦奥特曼,69.5万追番
569,我的青春恋爱物语果然有问题 续 OVA,69.4万追番
570,催眠麦克风-Division Rap Battle- Rhyme Anima,69.2万追番
571,精灵宝可梦 无印,69.1万追番
572,迷糊餐厅 WORKING!!,69万追番
573,电影版 境界的彼方过去篇,68.8万追番
574,NANA,68.8万追番
575,刀使巫女,68.7万追番
576,四半神话大系,68.4万追番
577,欧布奥特曼 原生之初,68.4万追番
578,传说中勇者的传说,68.3万追番
579,非枪人生,68万追番
580,revisions,67.8万追番
581,罗布奥特曼,67.8万追番
582,我家浴缸的二三事,67.6万追番
583,啾咪BABY 日语版,67.3万追番
584,雷欧奥特曼（中配）,67.2万追番
585,齐木楠雄的灾难 完结篇,67.2万追番
586,吹响吧！上低音号～想要传达的旋律～,67.1万追番
587,WWW.迷糊餐厅,67万追番
588,书店里的骷髅店员本田,66.8万追番
589,剧场版 K Seven Stories,66.7万追番
590,吹响吧！上低音号～欢迎来到北宇治高中吹奏乐部～,66.7万追番
591,纯白交响曲,66.6万追番
592,元气少女缘结神 新婚篇,66.6万追番
593,阿松 第三季,66.5万追番
594,穿越时空的少女,66.5万追番
595,房东青春期！,66.4万追番
596,我的青春恋爱物语果然有问题。 第一季 OVA,66.1万追番
597,犬夜叉完结篇,65.8万追番
598,温暖的印记,65.8万追番
599,天元突破红莲螺岩,65.7万追番
600,稻荷恋之歌,65.7万追番
601,心灵想要大声呼喊,65.5万追番
602,赛马娘四格,65.5万追番
603,神推偶像登上武道馆我就死而无憾,65.3万追番
604,赤发白雪姬 第二季,65万追番
605,失忆症,64.7万追番
606,环太平洋：黑色禁区,64.5万追番
607,奇诺之旅（2017）,64.4万追番
608,浪客剑心,64.2万追番
609,捷德奥特曼（中配）,64.2万追番
610,赛罗奥特曼 英雄传（中配）,64.1万追番
611,不愉快的怪物庵,64.1万追番
612,终物语 下,64万追番
613,攻壳机动队 STAND ALONE COMPLEX,63.9万追番
614,重启D良田,63.7万追番
615,泰迦奥特曼（中配）,63.7万追番
616,欧布奥特曼（中配）,63.7万追番
617,潘朵拉之心,63.6万追番
618,罗布奥特曼（中配）,63.4万追番
619,轻羽飞扬！,63.3万追番
620,艾克斯奥特曼（中配）,63.2万追番
621,欧布奥特曼 原生之初（中配）,63.2万追番
622,架向星空之桥,63.2万追番
623,天体的秩序,62.9万追番
624,超次元游戏 海王星,62.7万追番
625,喜欢上你的那个瞬间。～告白实行委员会～,62.4万追番
626,历物语,62.3万追番
627,只要你说你爱我,62.2万追番
628,思维覆写,62.1万追番
629,Code:Realize ～创世的姬君～,62万追番
630,轻音少女 剧场版,61.9万追番
631,厨神小当家2,61.6万追番
632,星之声,61.6万追番
633,在盛夏等待,61.3万追番
634,热诚传说 第二季,61万追番
635,翼年代记 第一季,60.8万追番
636,文豪与炼金术师 ～审判的齿轮～,60.6万追番
637,目隐都市的演绎者,60.5万追番
638,黑白来看守所 第二季,60.5万追番
639,Anne Happy,60.5万追番
640,魔笛MAGI 辛巴达的冒险,60.5万追番
641,大图书馆的牧羊人,60.5万追番
642,城下町的蒲公英,60.4万追番
643,名侦探柯南：绀青之拳,60.3万追剧
644,记录的地平线 第二季,60.3万追番
645,鸦KARAS,60.1万追番
646,月歌。THE ANIMATION2,59万追番
647,高分少女 第二季,58.9万追番
648,命运石之门 负荷领域的既视感,58.9万追番
649,恶魔战线,58.8万追番
650,人马少女的烦恼,58.8万追番
651,无头骑士异闻录×2 转,58.4万追番
652,刀剑神域 Extra Edition,58.3万追番
653,八犬传 -东方八犬异闻- 第一季,58.3万追番
654,绯弹的亚里亚 AA,57.8万追番
655,W'Z,57.8万追番
656,终末的伊泽塔,57.7万追番
657,机动战士高达独角兽(UC) RE:0096,57.6万追番
658,TARI TARI,57.5万追番
659,格林笔记 The Animation,57.4万追番
660,舞动青春,57.3万追番
661,头文字D First Stage,57.2万追番
662,迷家,57万追番
663,3月的狮子 第二季,56.9万追番
664,南家三姐妹,56.6万追番
665,不愉快的怪物庵 续,56.6万追番
666,明治东京恋伽,56.5万追番
667,爱丽丝与藏六,56.4万追番
668,[C]THE MONEY OF SOUL AND POSSIBILITY CONTROL,56.4万追番
669,KARNEVAL狂欢节,56.4万追番
670,夏目友人帐 OVA,56.3万追番
671,未确认进行式,56.3万追番
672,普罗米亚,56.1万追剧
673,机动战士高达 铁血的奥尔芬斯 第一季,56.1万追番
674,深夜的超自然公务员,56万追番
675,蔷薇少女,55.9万追番
676,黑子的篮球 第3期,55.8万追番
677,听我的电波吧,55.7万追番
678,IDOLiSH7-偶像星愿- Second BEAT!,55.7万追番
679,歌舞伎町夏洛克,55.7万追番
680,Ange Vierge,55.6万追番
681,s大作 第二季 （H限港澳台地^）,55.4万追番
682,IDOLiSH7-偶像星愿-,55.4万追番
683,迷宫标记者,55.3万追番
684,怪盗基德,55.1万追番
685,我们大家的河合庄,54.9万追番
686,神不在的星期天,54.9万追番
687,无头骑士异闻录×2 承,54.8万追番
688,龙之界点,54.7万追番
689,今天开始做魔王 第一季,54.6万追番
690,KEMURIKUSA,54.5万追番
691,蜡笔小新 第二季（中文）,54.4万追番
692,OVERLORD SP,54.4万追番
693,魔法少女育成计划,54.3万追番
694,天降之物Final 我永远的鸟笼,54.1万追番
695,神S,53.7万追番
696,恶魔之谜,53.6万追番
697,偶像荣耀/IDOLY PRIDE,53.5万追番
698,战翼的希格德莉法,53.4万追番
699,织田肉桂信长,53.4万追番
700,CHAOS;CHILD,53.3万追番
701,蓝色时期,53.3万追番
702,元气囝仔,53.2万追番
703,公主恋人！,53.2万追番
704,鲁邦三世VS名侦探柯南THE MOVIE,53.1万追番
705,机动战士高达00,53.1万追番
706,BanG Dream!,53万追番
707,白兔糖,52.7万追番
708,狼的孩子雨和雪,52.6万追番
709,魔偶马戏团,52.3万追番
710,全金属狂潮 Invisible Victory,52.1万追番
711,潜行吧！奈亚子 Remember My Love,52万追番
712,魔法战争,51.8万追番
713,名侦探柯南 Episode“ONE” 变小的名侦探,51.8万追番
714,蜡笔小新 第六季（中文）,51.7万追番
715,爱书的下克上：为了成为图书管理员不择手段！ 第二部,51.7万追番
716,月歌,51.7万追番
717,人形电脑天使心,51.3万追番
718,高达创形者 再起 第二季,51.2万追番
719,EVA 新世纪福音战士新剧场版1.11：序,51万追番
720,BanG Dream! 梦想协奏曲 第三季,51万追番
721,厨神小当家2（中配）,51万追番
722,零之使魔 双月骑士,50.8万追番
723,巴哈姆特之怒 GENESIS,50.7万追番
724,苍之骑士团,50.5万追番
725,Charlotte SP,50.4万追番
726,NEKOPARA EXTRA 小猫篇（猫娘乐园）,50.3万追番
727,未来的未来,50.1万追剧
728,武装少女,50万追番
729,池袋西口公园,49.9万追番
730,宝石幻想 光芒重现,49.6万追番
731,真实之泪,49.6万追番
732,江户川柯南失踪事件～史上最糟糕的两天～,49.6万追番
733,凉宫春日的消失,49.5万追番
734,凉宫春日的忧郁 2006,49.3万追番
735,K MISSING KINGS,49.3万追番
736,野良神 ARAGOTO OAD,49.2万追番
737,魔笛MAGI 第二季,49.1万追番
738,爱书的下克上：为了成为图书管理员不择手段！,49.1万追番
739,在世界尽头咏唱恋曲的少女YU-NO,48.8万追番
740,姐姐来了,48.8万追番
741,夏目友人帐 第五季 特别篇,48.7万追番
742,重创的伤口,48.6万追番
743,牵牛花与加濑同学。,48.5万追番
744,写真女友,48.4万追番
745,浪客剑心 追忆篇,48.3万追番
746,创之界限,48.2万追番
747,SOLA,48万追番
748,Re：从零开始休息时间,47.8万追番
749,机动战士高达SEED HD,47.4万追番
750,无头骑士异闻录×2 结,47.3万追番
751,异世界居酒屋～古都阿伊特力亚的居酒屋阿信～,47.3万追番
752,怪盗基德1412,47.3万追番
753,叛逆性百万亚瑟王,47.3万追番
754,狼与香辛料 第二季,47.2万追番
755,伪恋 OAD,47万追番
756,食梦者,46.9万追番
757,偶像大师 灰姑娘女孩,46.9万追番
758,剧场版 阿松,46.9万追番
759,花牌情缘 第三季,46.9万追番
760,悠久之翼,46.8万追番
761,悠哉日常大王 Repeat OAD,46.8万追番
762,BanG Dream! 梦想协奏曲 电影演唱会,46.8万追番
763,机甲少女 FRAME ARMS GIRL,46.8万追番
764,Q弟侦探因幡,46.8万追番
765,企鹅公路,46.7万追剧
766,王之逆袭：意志的继承者,46.7万追番
767,搞笑漫画日和,46.6万追番
768,电器街的漫画店,46.6万追番
769,若能与你共乘海浪之上,46.5万追剧
770,M舻木奕 第三季 Part.2（H限台车^）,46.4万追番
771,少女们向荒野进发,46.4万追番
772,黑塔利亚 The World Twinkle 第6期,46.3万追番
773,黑子的篮球 第2期,46.2万追番
774,猎魔武士/GIBIATE,46.2万追番
775,田中君总是如此慵懒 特典,46.1万追番
776,滑头鬼之孙 第二季,46.1万追番
777,春宵苦短，少女前进吧,45.9万追番
778,青春生存游戏,45.9万追番
779,宅饮,45.7万追番
780,无法逃离的背叛,45.7万追番
781,肆式青春,45.6万追剧
782,吸血鬼骑士,45.5万追番
783,革命机Valvrave,45.4万追番
784,覆面系 NOISE,45.4万追番
785,零之使魔F,45.4万追番
786,学园偶像?阳光!! 第二季,45.3万追番
787,只要L得可郏即使是B你也喜g幔浚H限台车^）,45万追番
788,EVA 新世纪福音战士新剧场版3.33：Q,45万追番
789,人类衰退之后,44.8万追番
790,兽娘动物园,44.7万追番
791,Concrete Revolutio 超人幻想 第一季,44.6万追番
792,中二病也要谈恋爱！恋 Lite,44.2万追番
793,寻找失去的未来,44.1万追番
794,S.A特优生,43.9万追番
795,星合之空,43.7万追番
796,乒乓,43.6万追番
797,重神机潘多拉,43.6万追番
798,大正少女御伽话,43.5万追番
799,阿尔蒂,43.5万追番
800,海兽之子,43.4万追剧
801,田中君总是如此慵懒小剧场,43.3万追番
802,冷然之天秤,43.3万追番
803,网球王子,43.2万追番
804,烧窑的话也要马克杯 第二季,43.2万追番
805,宇宙战舰提拉米斯,42.9万追番
806,妖狐×仆SS SP,42.7万追番
807,BEM,42.7万追番
808,白猫计划 零之纪元,42.6万追番
809,RAIL WARS!-日本国有铁道公安队-,42.3万追番
810,龙的牙医,42.2万追番
811,亚尔斯兰战记,42万追番
812,猫神八百万,41.8万追番
813,ALDNOAH.ZERO,41.7万追番
814,满溢的水果挞,41.7万追番
815,来自深渊 剧场版总集篇,41.7万追番
816,结城友奈是勇者,41.7万追番
817,花牌情缘,41.6万追番
818,美少年侦探团,41.6万追番
819,超级弹丸论破2.5 枝M斗与世界的破坏者,41.4万追番
820,EVA 新世纪福音战士新剧场版2.22：破,41.4万追番
821,纯白之音,41.4万追番
822,+TIC模型姐妹,41.3万追番
823,心灵的声音,41.3万追番
824,好想告诉你 第二季,41.2万追番
825,Love Live！虹D学园学园偶像同好会,41.2万追番
826,长门有希酱的消失,41.2万追番
827,付丧神出租中,40.9万追番
828,魔法科高校的劣等生 简单易懂的魔法科！,40.9万追番
829,宝可梦：超梦的逆袭 进化,40.8万追剧
830,奇幻☆怪盗,40.8万追番
831,动画同好会,40.6万追番
832,Thunderbolt Fantasy 东离剑游纪 西幽t歌,40.6万追番
833,浪客剑心 新京都篇,40.5万追番
834,厨神小当家,40.4万追番
835,Little Busters! ～Refrain～,40.4万追番
836,聆听者 / LISTENERS,40.2万追番
837,Thunderbolt Fantasy 东离剑游纪,40万追番
838,发条精灵战记 天镜的极北之星,39.8万追番
839,社长，战斗时间到！,39.4万追番
840,Free! -Eternal Summer-,39.3万追番
841,ANIMAYELL!,39.3万追番
842,魔法少女什么的已经够了啦。,39.2万追番
843,歌剧少女！！,39.1万追番
844,玻璃之花与崩坏的世界,39.1万追番
845,钢壳都市雷吉欧斯,39.1万追番
846,迷糊餐厅 WORKING!!!,39.1万追番
847,ENDRO~!,39万追番
848,三颗星彩色冒险,38.9万追番
849,×××HOLiC 继,38.5万追番
850,BUDDY COMPLEX,38.4万追番
851,笑容的代价,38.3万追番
852,四月是你的谎言 OAD,38.3万追番
853,DOG DAYS,38.3万追番
854,浪客剑心 星霜篇,38.2万追番
855,蔚蓝反射 ,38.2万追番
856,未来都市No.6,38.2万追番
857,琴浦小姐,38.1万追番
858,灼眼的夏娜III -Final-,38.1万追番
859,猫眼三姐妹,38万追番
860,LOST SONG 失落的歌谣,38万追番
861,Classroom☆Crisis,37.9万追番
862,再见绝望先生,37.8万追番
863,初音岛,37.7万追番
864,世界征服 谋略之星,37.7万追番
865,小森同学拒绝不了！,37.6万追番
866,RobiHachi,37.5万追番
867,剧场版 悠哉日常大王 Vacation,37.4万追番
868,灼眼的夏娜II -Second-,37.3万追番
869,薄樱鬼,37.3万追番
870,全部成为F -THE PERFECT INSIDER-,37.2万追番
871,黄金拼图,37.2万追番
872,有顶天家族,37.2万追番
873,鬼斩,37万追番
874,CLANNAD ～AFTER STORY～另一个世界 杏篇,36.9万追番
875,EVA 新世纪福音战士剧场版：Air / 真心为你,36.8万追番
876,中间管理录利根川,36.6万追番
877,番剧茶会,36.6万追番
878,萝球社！,36.4万追番
879,世界魔女出发！,36.4万追番
880,厨病激发男孩,36.2万追番
881,DARKER THAN BLACK -流星的双子-,36.1万追番
882,剧场版 BEM BECOME HUMAN,36万追番
883,FORTUNE ARTERIAL -赤之约定-,36万追番
884,泽塔奥特曼（中配）,35.9万追番
885,隐瞒之事 电影剪辑版,35.8万追番
886,魔法使的新娘（H限台车^）,35.7万追番
887,小马宝莉 第一季,35.7万追番
888,珈百璃的堕落 SP,35.5万追番
889,梅露可物语 : 无精打采的少年与瓶中少女,35.5万追番
890,新樱花大战,35.4万追番
891,地狱少女 二笼,35.4万追番
892,三者三叶,35.4万追番
893,异界群敌 代码重组,35.3万追番
894,便・当,35.3万追番
895,工作细胞 第二季（中配版）,35.2万追番
896,罪恶王冠 SP,35.2万追番
897,机动战士高达SEED Destiny HD,35万追番
898,命运石之门 境界面上的迷失之链,34.8万追番
899,学生会的一己之见 Lv.2,34.8万追番
900,CLANNAD 另一个世界 智代篇,34.8万追番
901,工作细胞（中配版）,34.7万追番
902,伯爵与妖精,34.6万追番
903,Punch Line,34.6万追番
904,梦色蛋糕师,34.5万追番
905,蜂蜜与四叶草,34.5万追番
906,中二病也要谈恋爱！恋 SP,34.3万追番
907,体操武士,34.2万追番
908,野良神 OAD,34.2万追番
909,结城友奈是勇者 鹫尾须美之章&勇者之章,34.1万追番
910,跟班×服务,34.1万追番
911,命运石之门 聪明睿智的认知计算,34万追番
912,宇宙巡警露露子,33.9万追番
913,Regalia 三圣星,33.9万追番
914,黑之宣告,33.9万追番
915,亚尔斯兰战记 风尘乱舞,33.8万追番
916,高达创形者 再起,33.8万追番
917,佐R偶像是髌妫H限港澳台地^）,33.7万追番
918,紫罗兰永恒花园 中配版,33.6万追番
919,放学后桌游俱乐部,33.6万追番
920,路人超能100 REIGEN～不为人知的奇迹灵能者～（OVA）,33.5万追番
921,高达创形者,33.4万追番
922,普通攻羰侨w二B簦@拥你喜g幔浚H限台车^）,33.2万追番
923,剧场版总集篇 OVERLORD 不死者之王,33.2万追番
924,Dance with Devils,33.2万追番
925,兄弟战争,33.1万追番
926,魔法律事务所 第二季,33.1万追番
927,圣斗士星矢 THE LOST CANVAS 冥王神话,33万追番
928,M舻木奕 第三季（H限台车^）,33万追番
929,梦幻之星 神谕篇,32.7万追番
930,我家有个狐仙大人,32.7万追番
931,男孩遇见女孩,32.7万追番
932,堀桑与宫村君,32.4万追番
933,UQ HOLDER！悠久持有者 OAD,32.3万追番
934,机动战士高达00 第二季,32.2万追番
935,超心动！艺术之星,32.2万追番
936,龙珠超：布罗利,32.2万追剧
937,Lostorage incited WIXOSS,32.1万追番
938,女神异闻录4,32万追番
939,KANON / 雪之少女（京都版）,32万追番
940,影之诗,32万追番
941,光之战记－ZUERST－,32万追番
942,]有S段子的o聊世界（H限港澳台地^）,32万追番
943,三丽鸥男子,32万追番
944,烧窑的话也要马克杯,32万追番
945,希德尼娅的骑士 第一季,32万追番
946,鹿枫堂,31.9万追番
947,DEPTH OF FIELD ～ 爱与憎恨的剧场,31.8万追番
948,踏切时间,31.8万追番
949,OVERLORD Ⅱ SP,31.7万追番
950,URAHARA,31.6万追番
951,夏日大作战,31.6万追番
952,花开伊吕波 Home Sweet Home,31.5万追番
953,和歌子酒 动画,31.5万追番
954,传颂之物,31.4万追番
955,攀岩少女！,31.4万追番
956,无畏魔女,31.2万追番
957,八犬传 -东方八犬异闻- 第二季,31.2万追番
958,精灵宝可梦 XY,31.2万追番
959,吸血鬼仆人,31.2万追番
960,幽游白书,31.1万追番
961,虚空魔境 第二季,31.1万追番
962,剧场版总集篇 OVERLORD 漆黑的英雄,30.9万追番
963,归宅部活动记录,30.9万追番
964,Room Mate,30.7万追番
965,偶像梦幻祭,30.7万追番
966,快要坏掉的八音盒,30.6万追番
967,EVA 新世纪福音战士剧场版：死与新生,30.6万追番
968,翠星之加尔刚蒂亚,30.5万追番
969,佐R偶像是髌 酝林恚H限港澳台地^）,30.5万追番
970,学园帅哥,30.4万追番
971,中二病也要谈恋爱！Lite,30.4万追番
972,巴哈姆特之怒 VIRGIN SOUL,30.3万追番
973,狂热深渊-迷失的孩子,30.3万追番
974,草莓棉花糖,30.2万追番
975,ViVid Strike!,30.1万追番
976,LORD of VERMILION 红莲之王,30.1万追番
977,富豪刑警 Balance:UNLIMITED（H限港澳台地^）,29.9万追番
978,罪恶王冠 失落的圣诞节 an episode of port town,29.9万追番
979,钢之炼金术师 叹息之丘的圣星,29.8万追番
980,我的朋友很少 OAD,29.7万追番
981,魔术士欧菲流浪之旅 基姆拉克篇,29.6万追番
982,笨蛋，测验，召唤兽 OVA,29.6万追番
983,十二国记,29.6万追番
984,战刻夜想曲,29.6万追番
985,TRINITY SEVEN 七人魔法使 剧场版 2,29.5万追番
986,众神的恶作剧,29.4万追番
987,星际牛仔 SP,29.4万追番
988,装甲娘战机,29.4万追番
989,Code Geass 亡国的阿基德,29.4万追番
990,灰色的迷宫,29.3万追番
991,美丽新世界 The Animation/美好世界,29.3万追番
992,卡片战斗先导者overDress,29.2万追番
993,消灭都市,29.2万追番
994,男子高中生的日常 SP,29.2万追番
995,那就是声优！,29.1万追番
996,锁链战记 赫克瑟塔斯之光,29.1万追番
997,告白实行委员会 告白预演,29万追番
998,武装神姬,28.9万追番
999,逆转裁判 第二季,28.9万追番
1000,银之匙 Silver Spoon 第一季,28.9万追番
1001,心灵侦探八云,28.8万追番
1002,潜行吧！奈亚子 OVA 温柔地解决敌人的方法,28.7万追番
1003,梦幻之星online2,28.7万追番
1004,荒川爆笑团2,28.7万追番
1005,战斗女子高校,28.6万追番
1006,花样滑冰Stars,28.5万追番
1007,舞伎家的料理人,28.5万追番
1008,请问您今天要来点兔子吗？？～Dear?My?Sister～,28.4万追番
1009,笑面推销员NEW,28.4万追番
1010,青年黑杰克,28.3万追番
1011,偶像大师,28.3万追番
1012,迷糊餐厅 WORKING’!!,28.1万追番
1013,机动战士高达 铁血的奥尔芬斯 第二季,28.1万追番
1014,魔卡少女樱 被封印的卡片,28万追番
1015,石膏男孩,28万追番
1016,加速世界 Infinite Burst,27.9万追番
1017,尸者的帝国,27.8万追番
1018,堀与宫村 中配版,27.7万追番
1019,斩首循环 蓝色学者与戏言跟班,27.6万追番
1020,政宗君的复仇（H限港澳台地^）,27.6万追番
1021,OVERLORD Ⅲ SP,27.5万追番
1022,斯特拉的魔法,27.5万追番
1023,颠倒的帕特玛,27.4万追番
1024,狼少女与黑王子,27.4万追番
1025,蜡笔小新 第三季（中文）,27.4万追番
1026,Butlers～千年百年物语～,27.3万追番
1027,精灵宝可梦 剧场版3：结晶塔的帝王（中文版）,27.3万追番
1028,2.43清阴高中男子排球社,27.3万追番
1029,新蔷薇少女,27.2万追番
1030,超级小白,27.2万追番
1031,幻想嘉年华 Special Season,27.1万追番
1032,18if 梦境异闻录,27万追番
1033,A3!满开剧团 秋组&冬组篇,27万追番
1034,隐之王,26.8万追番
1035,测不准的阿波连同学,26.7万追番
1036,刀语,26.7万追番
1037,名侦探柯南 贝克街的亡灵,26.7万追番
1038,锁链战记 赫克瑟塔斯之光,26.7万追番
1039,全金属狂潮,26.6万追番
1040,药师寺凉子的怪奇事件簿,26.6万追番
1041,将国之天鹰星,26.6万追番
1042,机动战士高达：闪光的哈萨维,26.5万追番
1043,蜡笔小新 第五季（中文）,26.5万追番
1044,鲁邦三世 第五季,26.4万追番
1045,若叶女孩,26.4万追番
1046,MX都是○○的我]k法郏H限台车^）,26.4万追番
1047,咒术回战 粤配版,26.3万追番
1048,甜梦猫,26.2万追番
1049,RErideD-穿越时空的德理达,26.1万追番
1050,英雄时代,26.1万追番
1051,魔卡少女樱 香港之旅,25.9万追番
1052,龙珠Z：复活的弗利萨,25.9万追剧
1053,地狱少女 三鼎,25.8万追番
1054,奇幻贵公子,25.8万追番
1055,Little Busters! EX,25.7万追番
1056,青之文学,25.7万追番
1057,魔力家族,25.6万追番
1058,心`代a QUALIDEA CODE（H限港澳台地^）,25.6万追番
1059,黑塔利亚 Axis Powers 第2期,25.6万追番
1060,神装少女小缠,25.6万追番
1061,剧场版「High☆Speed! -Free! Starting Days-」,25.5万追番
1062,彩云国物语,25.5万追番
1063,交响诗篇 第一季,25.5万追番
1064,UN-GO 因果论,25.5万追番
1065,潜行吧！奈亚子F,25.5万追番
1066,游☆戏☆王 5D's 第一季,25.5万追番
1067,Infini-T Force,25.4万追番
1068,蜡笔小新 第四季（中文）,25.3万追番
1069,彗星路西法,25.3万追番
1070,DARKER THAN BLACK -黑之契约者- 外传,25.3万追番
1071,SHUFFLE,25.3万追番
1072,山田君与7人魔女 OAD,25.3万追番
1073,魔法禁书目录 炭,25.2万追番
1074,次元发电机,25.1万追番
1075,编舟记,25.1万追番
1076,舞武器舞乱伎,25万追番
1077,女神异闻录5 -THE DAY BREAKERS-,25万追番
1078,钻石王牌 act II 后半,24.9万追番
1079,东京教父,24.8万追番
1080,OVERLORD OAD,24.8万追番
1081,幻想嘉年华 EX Season,24.8万追番
1082,圣诞之吻SS+ SP,24.8万追番
1083,最终幻想VII：降临之子,24.6万追番
1084,歌之☆王子殿下 真爱1000%,24.5万追番
1085,小不点社长,24.5万追番
1086,星际牛仔 天国之扉,24.4万追番
1087,BanG Dream! 第二季,24.3万追番
1088,出租魔法使,24.3万追番
1089,前进吧！登山少女,24.3万追番
1090,OZMAFIA!!,24.2万追番
1091,Stories?of?Last?Letter,24.2万追番
1092,新网球王子 OVA 对战Genius10,24.2万追番
1093,吸血鬼骑士 Guilty,24.2万追番
1094,黑色残骸,24.1万追番
1095,我的女神,24.1万追番
1096,11eyes,24.1万追番
1097,幸腹涂鸦,24.1万追番
1098,南家三姐妹 我回来了,24.1万追番
1099,黑塔利亚 World Series 第3期,24万追番
1100,笑对阴天,23.9万追番
1101,异国迷宫的十字路口,23.9万追番
1102,魔女的使命 OVA,23.8万追番
1103,天线宝宝,23.7万追番
1104,出租女友（H限港澳台地^）,23.7万追番
1105,魔法少女奈叶,23.6万追番
1106,橘色奇迹,23.6万追番
1107,枪与假面舞会,23.5万追番
1108,黑塔利亚 The Beautiful World 第5期,23.5万追番
1109,虫之歌,23.4万追番
1110,甘城光辉游乐园 SP 激动人心小剧场,23.3万追番
1111,键等学园/键等,23.3万追番
1112,募恋英雄,23.2万追番
1113,星之梦～星之人～,23.2万追番
1114,千年女优,23.1万追番
1115,勇者斗恶龙 达伊的大冒险,23万追番
1116,被狙击的学园,23万追番
1117,天元突破 红莲螺岩 剧场版,23万追番
1118,犬神同学和猫山同学,23万追番
1119,剧偶像,23万追番
1120,特别的她,23万追番
1121,幼女战记 短篇,23万追番
1122,魔法少女☆伊莉雅 OVA,23万追番
1123,问题儿童都来自异世界？ OVA 温泉漫游记,22.8万追番
1124,C?DE:BREAKER 法外制裁者,22.8万追番
1125,环战公主 CIRCLET PRINCESS,22.8万追番
1126,真月谭月姬,22.7万追番
1127,前进吧！登山少女 第三季,22.7万追番
1128,名侦探柯南 计时引爆摩天楼,22.7万追番
1129,学园奶爸,22.5万追番
1130,怪物之子,22.4万追番
1131,怪盗圣少女,22.4万追番
1132,}yr的少女。（H限台车^）,22.3万追番
1133,我，小怼,22.3万追番
1134,亡念之扎姆德,22.3万追番
1135,魔法老师涅吉! 第一季,22.2万追番
1136,DAYS,22.2万追番
1137,魔法少女☆伊莉雅 2wei Herz! SP,22万追番
1138,永远之久远,21.9万追番
1139,m 刀y舞 -花丸-（H限港澳台地^）,21.8万追番
1140,银河英雄传说：全新命题 星乱,21.7万追番
1141,明日的与一,21.6万追番
1142,黑子的篮球 LAST GAME,21.6万追剧
1143,妖精的尾巴 剧场版 凤凰巫女,21.6万追番
1144,雨色可可side G,21.5万追番
1145,枕男子,21.5万追番
1146,校园迷糊大王,21.4万追番
1147,精灵宝可梦XY&Z,21.4万追番
1148,玛丽与魔女之花,21.4万追剧
1149,骇客娃娃,21.2万追番
1150,理科生坠入情网，故尝试证明。 中配版,21.1万追番
1151,告白实行委员会 嫉忌的答复,21.1万追番
1152,君吻Pure Rouge,21.1万追番
1153,歌之☆王子殿下 真爱REVOLUTIONS,21.1万追番
1154,天堂之吻,21.1万追番
1155,他和她的故事,21万追番
1156,机动战士高达 雷霆宙域战线 第二季,21万追番
1157,阳光中的青时雨,20.8万追番
1158,琴之森,20.8万追番
1159,旋风管家 CAN'T TAKE MY EYES OFF YOU,20.8万追番
1160,机动战士高达 雷霆宙域战线 第一季,20.7万追番
1161,TSUKIPRO,20.6万追番
1162,拜托了 爱因兹贝伦咨询室,20.6万追番
1163,A3!满开剧团,20.6万追番
1164,青春歌舞伎,20.5万追番
1165,战姬绝唱SYMPHOGEAR,20.4万追番
1166,黑塔利亚 World Series 第4期,20.4万追番
1167,MIX,20.3万追番
1168,女神异闻录3 剧场版 #1 Spring of Birth,20.3万追番
1169,科学小飞侠Crowds,20.3万追番
1170,高校星歌剧,20.2万追番
1171,核爆默示录,20.1万追番
1172,活/刀乱舞（H限港澳台地^）,20万追番
1173,早安恋味糕点店,20万追番
1174,超时空要塞 Frontier,20万追番
1175,零之使魔～三美姬的轮舞～OVA,20万追番
1176,女神异闻录 -圣洁之魂-,19.9万追番
1177,火之丸相扑,19.8万追番
1178,面包带来和平！,19.8万追番
1179,千枪士,19.8万追番
1180,江户盗贼团五叶,19.8万追番
1181,小凉宫春日的忧郁,19.8万追番
1182,干物妹！小埋 中配版,19.8万追番
1183,鲁邦三世 第一季,19.8万追番
1184,猎龙飞船,19.7万追番
1185,月野艺能事务所 第二季,19.7万追番
1186,Classica Loid,19.7万追番
1187,BLACK★ROCK SHOOTER OVA,19.7万追番
1188,SHOW BY ROCK!! 第二季,19.6万追番
1189,美妙射击部,19.6万追番
1190,KERORO军曹,19.5万追番
1191,结界师,19.5万追番
1192,空罐少女,19.5万追番
1193,钻石王牌,19.5万追番
1194,剧场版 魔法禁书目录炭 SP,19.4万追番
1195,你遭y了幔浚H限港澳台地^）,19.3万追番
1196,Concrete Revolutio 超人幻想 第二季,19.3万追番
1197,东京地震8.0,19.3万追番
1198,×××HOLiC 笼,19.2万追番
1199,高达创战者,19.2万追番
1200,少女革命,19.1万追番
1201,阿茹茉妮,19.1万追番
1202,初高中同校！！鬼灭学园物语,19.1万追番
1203,给桃子的信,19.1万追番
1204,Code Geass 反叛的鲁路修 娜娜莉梦游仙境,19.1万追番
1205,怪医黑杰克,19万追番
1206,银河英雄传说：全新命题,18.9万追番
1207,普通女高中生要做当地偶像,18.9万追番
1208,攻壳机动队 S.A.C. 2nd GIG,18.9万追番
1209,玛莉亚?狂热,18.9万追番
1210,交响情人梦,18.8万追番
1211,红伤骑士X,18.8万追番
1212,灼眼的夏娜 剧场版,18.8万追番
1213,告白实行委员会 我于此刻恋上你,18.8万追番
1214,精灵宝可梦 超世代,18.8万追番
1215,忍者少女千鸟,18.8万追番
1216,旋风管家 Cuties,18.8万追番
1217,麻辣教师GTO,18.7万追番
1218,翼年代记 第二季,18.6万追番
1219,武器种族传说,18.6万追番
1220,宣告黎明的露之歌,18.6万追番
1221,最游记,18.6万追番
1222,晨曦公主 OAD,18.5万追番
1223,大叔与棉花糖,18.5万追番
1224,今天开始做魔王 第三季,18.4万追番
1225,名侦探柯南 绯色的不在证明,18.3万追番
1226,悠久之翼2,18.3万追番
1227,学园天堂,18.3万追番
1228,蔷薇少女 梦之终结,18.2万追番
1229,灼眼的夏娜S,18.2万追番
1230,青之驱魔师 剧场版,18.1万追番
1231,调酒师,18.1万追番
1232,魍魉之匣,18.1万追番
1233,精灵宝可梦 世代,18.1万追番
1234,梦王国与沉睡的100王子 短篇动画,18万追番
1235,鬼平,18万追番
1236,钢之炼金术师 香巴拉的征服者,18万追番
1237,虫师 续章 铃之~,17.8万追番
1238,城市猎人 TV版,17.8万追番
1239,勿忘蛛,17.7万追番
1240,时间旅行少女,17.7万追番
1241,绯弹的亚里亚 第一季 OVA,17.5万追番
1242,爱丽丝学园,17.5万追番
1243,影鳄 承,17.5万追番
1244,叛逆性百万亚瑟王 第二季,17.4万追番
1245,我们的存在,17.4万追番
1246,邻座的怪同学 OAD,17.3万追番
1247,美男高校地球防卫部LOVE！,17.2万追番
1248,梦王国与沉睡的100王子,17.2万追番
1249,魔法少女什么的已经够了啦。第二季,17.2万追番
1250,御神乐学园组曲,17.1万追番
1251,月色真美 SP,17.1万追番
1252,东之伊甸,17.1万追番
1253,HELLO!! 黄金拼图,17.1万追番
1254,ID-0,17.1万追番
1255,虹色时光,17万追番
1256,恋爱情结,17万追番
1257,伯纳德小姐说。,17万追番
1258,新妹魔王的契s者 BURST（H限港澳台）,17万追番
1259,魔卡少女樱 知世的影像活跃日记,17万追番
1260,搞笑漫画日和＋,17万追番
1261,八月的棒球甜心,17万追番
1262,潜行吧！奈亚子W OVA,16.9万追番
1263,灵感！,16.9万追番
1264,BLACK CAT,16.9万追番
1265,女神异闻录5 动画版 年末特别篇「前篇 / 后篇」,16.9万追番
1266,A CHANNEL,16.9万追番
1267,排球少年剧场版 结束与开始,16.9万追番
1268,梦之祭,16.8万追番
1269,MYSELF;YOURSELF,16.8万追番
1270,光能使者,16.8万追番
1271,名侦探柯南 迷宫的十字路口,16.8万追番
1272,青春之旅 OAD,16.7万追番
1273,Dies irae 神怒之日（H限港澳台地^）,16.6万追番
1274,小魔女学园,16.6万追番
1275,心跳回忆 ONLY LOVE,16.5万追番
1276,夜樱四重奏,16.5万追番
1277,钻石王牌 act II 前半,16.4万追番
1278,枪心剑刃,16.4万追番
1279,精灵宝可梦 钻石&珍珠,16.4万追番
1280,音乐少女,16.3万追番
1281,源氏物语千年纪 Genji,16.3万追番
1282,名侦探柯南 世纪末的魔术师,16.3万追番
1283,×××HOLiC 春梦记,16.3万追番
1284,×××HOLiC 仲夏夜之梦,16.3万追番
1285,B-PROJECT～绝顶＊Emotion～,16.2万追番
1286,偶像选举,16.2万追番
1287,怪医黑杰克剧场版之超人类,16.2万追番
1288,幻影少年,16.1万追番
1289,越狱兔 前传,16.1万追番
1290,越狱兔 第1季,16.1万追番
1291,如果有○○就好了。,16万追番
1292,CANDY BOY,15.9万追番
1293,武士弗拉明戈,15.9万追番
1294,我们这一家 新篇,15.9万追番
1295,混沌之脑,15.9万追番
1296,SHOW BY ROCK!! Short!!,15.9万追番
1297,狼雨,15.9万追番
1298,BanG Dream! 少女乐团派对☆PICO,15.8万追番
1299,当女孩遇到熊,15.8万追番
1300,热风海陆BUSHIROAD,15.7万追番
1301,道子与哈金,15.7万追番
1302,NEW GAME! OVA,15.7万追番
1303,GJ部@,15.7万追番
1304,Under The Dog,15.7万追番
1305,名侦探柯南 纯黑的恶梦,15.7万追番
1306,萝球社！SS,15.6万追番
1307,赤发白雪姬 OVA 不值一提的宝物、这一页,15.6万追番
1308,南家三姐妹 再来一碗,15.6万追番
1309,Tokyo Guru: re (Part 1)（H限港澳台地^）,15.6万追番
1310,Tokyo Guru: re (Part 2)（H限港澳台地^）,15.6万追番
1311,名侦探柯南 天空的遇难船,15.5万追番
1312,哥斯拉：怪兽行星,15.5万追剧
1313,不可思议星球的双胞胎公主,15.5万追番
1314,名侦探柯南 侦探们的镇魂歌,15.5万追番
1315,列比乌斯/Levius,15.5万追番
1316,飙速宅男 新世代,15.4万追番
1317,名侦探柯南 瞳孔中的暗杀者,15.4万追番
1318,王[ The Animation（H限台车^）,15.4万追番
1319,灼眼的夏娜 OVA 恋爱与温泉的校外学习！,15.4万追番
1320,幼女鹩（H限港澳台地^）,15.4万追番
1321,名侦探柯南 第14个目标,15.3万追番
1322,头文字D Second Stage,15.3万追番
1323,樱花忍法帖,15.3万追番
1324,屁屁吾郎,15.2万追番
1325,神曲奏界POLYPHONICA 第一季,15.2万追番
1326,名侦探柯南 银翼的魔术师,15.2万追番
1327,阿童木起源,15.2万追番
1328,僵尸借贷,15.2万追番
1329,名侦探柯南 通往天国的倒计时,15.2万追番
1330,名侦探柯南 业火的向日葵,15.1万追番
1331,人鱼的旋律,15.1万追番
1332,偶像大师 灰姑娘女孩 第2期,15万追番
1333,黑子的篮球 第3期 OVA,15万追番
1334,坂道上的阿波罗,14.9万追番
1335,"黑塔利亚 剧场版 银幕HETALIA Axis Powers Paint it, White",14.9万追番
1336,鬼缰刃（H限台车^）,14.9万追番
1337,简单易懂的现代魔法,14.9万追番
1338,SD高达三国传 Brave Battle Warriors,14.8万追番
1339,废弃公主,14.8万追番
1340,奇诺之旅,14.8万追番
1341,温泉幼精箱根酱,14.8万追番
1342,ALDNOAH.ZERO 第二季,14.7万追番
1343,剧场版 快要坏掉的八音盒,14.7万追番
1344,爱丝卡与罗吉的工作室 黄昏之空的炼金术士,14.6万追番
1345,凉风,14.6万追番
1346,圣哥传,14.6万追番
1347,小猪佩奇 第一季 英文版,14.6万追番
1348,马达加斯加的企鹅 第一季,14.5万追番
1349,白色相簿 下半篇章,14.5万追番
1350,热带雨林的爆笑生活,14.5万追番
1351,LEVEL E,14.5万追番
1352,南家三姐妹 欢迎回来,14.4万追番
1353,千子,14.4万追番
1354,特别版 Free!-Take Your Marks-,14.4万追番
1355,绝对防卫利维坦,14.4万追番
1356,创圣的大天使,14.4万追番
1357,破刃之剑,14.4万追番
1358,备长炭,14.3万追番
1359,牙狼 -炎之刻印-,14.3万追番
1360,"Wake Up, Girls! 新章",14.2万追番
1361,剧场版 王室教师海涅,14.2万追番
1362,影鳄,14.2万追番
1363,东京猫猫,14.2万追番
1364,与汪汪喵喵同居的开心日常,14.1万追番
1365,新机动战记高达W TV版,14.1万追番
1366,Sends?of?Destruction,14.1万追番
1367,DRAMAtical Murder OVA,14万追番
1368,美男高校地球防卫部LOVE！LOVE！,13.9万追番
1369,名侦探柯南 水平线上的阴谋,13.9万追番
1370,新妹魔王的契s者（H限港澳台）,13.9万追番
1371,搞笑漫画日和2,13.9万追番
1372,名侦探柯南 沉默的15分钟,13.9万追番
1373,拜托了！老师,13.8万追番
1374,机巧魔神,13.8万追番
1375,BanG Dream! 少女乐团派对！☆PICO～大份～,13.8万追番
1376,教教我吧 北斋！,13.8万追番
1377,X战记,13.8万追番
1378,魔法少女奈叶ViVid,13.8万追番
1379,歌塑世界,13.7万追番
1380,银之匙 Silver Spoon 第二季,13.7万追番
1381,四驱兄弟（中文）,13.7万追番
1382,歌之☆王子殿下 真爱2000%,13.7万追番
1383,花牌情缘 第二季,13.7万追番
1384,名侦探柯南 异次元的狙击手,13.7万追番
1385,伽利略少女,13.6万追番
1386,大运动会 重启,13.6万追番
1387,JOESTAR RADIO,13.6万追番
1388,名侦探柯南 漆黑的追踪者,13.5万追番
1389,名侦探柯南 战栗的乐谱,13.5万追番
1390,H2O 赤砂的印记,13.5万追番
1391,穿透幻影的太阳,13.5万追番
1392,滑头鬼之孙 ～奴良组事始～,13.4万追番
1393,战斗司书,13.4万追番
1394,祝福的钟声,13.4万追番
1395,血型君2,13.4万追番
1396,不思议美眉,13.4万追番
1397,宇宙战舰提拉米斯II,13.4万追番
1398,魔法学园MA,13.3万追番
1399,浦和小调,13.3万追番
1400,精灵宝可梦 超级愿望,13.2万追番
1401,无敌侠：舞动的英雄,13.1万追番
1402,机动战士高达 THE ORIGIN I：苍瞳的卡斯巴尔,13.1万追番
1403,复仇者：世上最强英雄组合,13.1万追番
1404,目[都市的演[者（H限港澳台地^）,13.1万追番
1405,黑白小姐 第二季,13.1万追番
1406,魔卡少女樱 Clear Card篇 序幕 小樱与两人的小熊,13万追番
1407,玉响～hitotose～,13万追番
1408,萌菌物语,13万追番
1409,最终幻想15 兄弟情,13万追番
1410,攻壳机动队ARISE ALTERNATIVE ARCHITECTURE,12.9万追番
1411,天堂餐馆,12.9万追番
1412,CANNON BUSTERS,12.9万追番
1413,夏雪密会,12.9万追番
1414,魔gW姐（H限港澳台地^）,12.8万追番
1415,骑行少女,12.8万追番
1416,文学少女,12.8万追番
1417,玲音,12.8万追番
1418,名侦探柯南 绀碧之棺,12.8万追番
1419,献给某飞行员的恋歌,12.8万追番
1420,初音岛 S.S.,12.8万追番
1421,星空清理者,12.7万追番
1422,翼・年代记 东京默示录,12.7万追番
1423,无头骑士异闻录×2 结 DuFuFuFu!!,12.7万追番
1424,Dimension W~维度战记~ OVA,12.7万追番
1425,现视研1,12.7万追番
1426,铳墓,12.7万追番
1427,给你做饭了！,12.6万追番
1428,SWORD GAI 装刀凯 The Animation,12.6万追番
1429,高智能方程式,12.6万追番
1430,高校星歌剧 第二季,12.6万追番
1431,心之彼端2,12.6万追番
1432,名侦探柯南 第11个前锋,12.5万追番
1433,结城友奈是勇者 -鹫尾须美之章-,12.5万追番
1434,头文字D Fifth Stage,12.5万追番
1435,机动战士高达 暮光的阿克西斯 红色残影,12.4万追番
1436,洲崎西 THE ANIMATION,12.3万追番
1437,小马宝莉 友谊的魔力 第八季,12.3万追番
1438,游☆戏☆王 5D's 第二季,12.2万追番
1439,名侦探柯南 绝海的侦探,12.2万追番
1440,薄樱鬼 御伽草子,12.2万追番
1441,食梦者。3,12.1万追番
1442,游☆戏☆王 5D's 第四季,12万追番
1443,蒸汽男孩,12万追番
1444,双恋,12万追番
1445,爱情泡泡糖,12万追番
1446,哆啦A梦 第三季,11.9万追番
1447,小马宝莉 第二季,11.9万追番
1448,AURA ～魔龙院光牙最后的战斗～,11.9万追番
1449,图书馆战争,11.9万追番
1450,小马宝莉 友谊的魔力 第七季,11.9万追番
1451,搞笑漫画日和3,11.9万追番
1452,夏色奇迹,11.9万追番
1453,蜡笔小新 超级美味B级美食大逃亡,11.8万追番
1454,加奈日记,11.8万追番
1455,神奇宝贝 起源,11.8万追番
1456,高达创战者 TRY,11.8万追番
1457,吹！上低音 第二季（H限台车^）,11.8万追番
1458,降世神通：最后的气宗 第一季,11.8万追番
1459,食梦者。2,11.7万追番
1460,春原f的管理T小姐（H限港澳台地^）,11.7万追番
1461,超级酷乐猫,11.6万追番
1462,翼神传说,11.6万追番
1463,黑白小姐 第三季,11.5万追番
1464,u曳f的幽奈小姐（H限港澳台地^）,11.5万追番
1465,y魂（H限港澳台地^）,11.5万追番
1466,剧场版 Free!-Timeless Medley,11.5万追番
1467,罗德岛战记-英雄骑士传-,11.5万追番
1468,超智游戏,11.5万追番
1469,复活！小猫咪,11.5万追番
1470,灰与幻想的格林姆迦尔 OVA,11.4万追番
1471,超时空要塞 Macross,11.4万追番
1472,AKB0048 第一季,11.4万追番
1473,精灵宝可梦 剧场版1：超梦的逆袭,11.4万追番
1474,小魔女蒙娜,11.4万追番
1475,乌龙派出所,11.4万追番
1476,海物语,11.3万追番
1477,ACCA13区监察课－Regards,11.3万追番
1478,阿尔卑斯山的少女,11.3万追番
1479,星梦手记,11.3万追番
1480,灼热乒乓妹,11.3万追番
1481,变形少女,11.3万追番
1482,恋旅～True Tours Nanto～,11.2万追番
1483,电脑线圈,11.2万追番
1484,海月姬,11.2万追番
1485,|京暗f（H限港澳台地^）,11.2万追番
1486,食梦者玛利,11.2万追番
1487,我们这一家 第一期,11.2万追番
1488,黑子的篮球 Winter Cup总集篇,11.1万追番
1489,雨色可可,11.1万追番
1490,小马宝莉 第四季,11.1万追番
1491,小女神花铃,11万追番
1492,贫穷姐妹物语,11万追番
1493,金色琴弦～primo passo～,11万追番
1494,蜂蜜与四叶草II,11万追番
1495,现视研 二代目,10.9万追番
1496,薄樱鬼 碧血录,10.9万追番
1497,地球防卫少年,10.9万追番
1498,飙速宅男 GLORY LINE,10.9万追番
1499,圣诞之吻SS OVA,10.8万追番
1500,初音岛II,10.8万追番
1501,初音岛II S.S.,10.8万追番
1502,翼・年代记 春雷记,10.8万追番
1503,宝可梦 太阳&月亮（中配）,10.8万追番
1504,忍者少女千鸟～伊势?金崎篇～,10.8万追番
1505,小马宝莉 第五季,10.8万追番
1506,BRAVE10 真田十勇士,10.8万追番
1507,最终流放,10.7万追番
1508,樱花大战 TV版,10.7万追番
1509,提亚拉之泪,10.7万追番
1510,拽妹黛薇儿 第一季,10.7万追番
1511,牙狼 -红莲之月-,10.7万追番
1512,轻声密语,10.7万追番
1513,打工小哥,10.6万追番
1514,吸血鬼福尔摩斯,10.6万追番
1515,苍翼默示录 Alter Memory,10.6万追番
1516,ARGONAVIS from BanG Dream! 梦想协奏曲,10.6万追番
1517,STAR DRIVER 闪亮的塔科特,10.6万追番
1518,此花亭奇谭（中配）,10.5万追番
1519,伏 铁炮娘的捕物帐,10.5万追番
1520,灼眼的夏娜炭,10.5万追番
1521,×××HOLiC 笼 徒梦,10.5万追番
1522,轮回的拉格朗日,10.5万追番
1523,高校星歌剧 第三季,10.4万追番
1524,网球王子 全国大会篇,10.4万追番
1525,寻找满月,10.4万追番
1526,苍穹之法芙娜,10.4万追番
1527,不愉快的怪物庵（H限台车^）,10.4万追番
1528,今天开始做魔王 第二季,10.3万追番
1529,战姬绝唱SYMPHOGEAR G,10.3万追番
1530,蔷薇少女 序曲,10.3万追番
1531,小马宝莉 友谊的魔力 第六季 (中配）,10.3万追番
1532,小马宝莉 第三季,10.3万追番
1533,双面骑士,10.3万追番
1534,未确认进行式 OVA,10.2万追番
1535,河童之夏,10.2万追番
1536,夜樱四重奏 花之歌,10.2万追番
1537,Upotte!!,10.2万追番
1538,STARRY☆SKY,10.2万追番
1539,剑灵,10.1万追番
1540,VENUS PROJECT -CLIMAX-,10.1万追番
1541,宝石宠物 Tinkle☆（第二季）,10.1万追番
1542,彼得・格里的t者rg（H限港澳台地^）,10.1万追番
1543,逆转公主,10.1万追番
1544,天使之卵,10.1万追番
1545,幸运逻辑,10万追番
1546,棺姬嘉依卡 OVA,10万追番
1547,侦探歌剧 少女福尔摩斯,10万追番
1548,精灵宝可梦 剧场版19：波尔凯尼恩与机巧的玛机雅娜,10万追剧
1549,老虎和兔子,10万追番
1550,高校之神（H限港澳台地^）,10万追番
1551,机神咆吼,10万追番
1552,王牌投手 振臂高挥,10万追番
1553,不可思议星球的双胞胎公主 Gyu,9.9万追番
1554,向阳素描,9.9万追番
1555,田中君是如此慵校H限港澳台地^）,9.9万追番
1556,女神异闻录3 剧场版 #4 Winter of Rebirth,9.9万追番
1557,放浪男孩,9.9万追番
1558,头文字D Third Stage,9.9万追番
1559,竖笛与双肩书包,9.8万追番
1560,七武士,9.8万追番
1561,战国BASARA,9.8万追番
1562,小马宝莉 友谊的魔力 第八季（中配）,9.7万追番
1563,攻壳机动队 S.A.C. SSS 3D,9.7万追番
1564,高达Reconguista in G,9.7万追番
1565,头文字D Final Stage,9.7万追番
1566,偶像大师灰姑娘剧场,9.7万追番
1567,深渊传说,9.7万追番
1568,蜡笔小新 呼风唤雨！大人帝国的反击,9.6万追番
1569,信长协奏曲,9.6万追番
1570,苍穹之法芙娜EXODUS,9.6万追番
1571,加速世界 OVA1 银翼的觉醒,9.6万追番
1572,新撰组异闻录 铁,9.6万追番
1573,忏?再见绝望先生,9.6万追番
1574,海马,9.6万追番
1575,生化危机：诅咒,9.5万追剧
1576,来冲浪吧！！美少年！！,9.5万追番
1577,精灵守护者,9.5万追番
1578,干物妹！小埋 R / 我家有~乾妹R（H限港澳台地^）,9.5万追番
1579,游☆戏☆王 5D's 第三季,9.5万追番
1580,彼方的阿斯特拉（H限港澳台地^）,9.4万追番
1581,战场上的女武神,9.4万追番
1582,小碧蓝幻想！,9.4万追番
1583,小猪佩奇 第一季,9.4万追番
1584,家有穆珂,9.4万追番
1585,弁魔士塞西尔,9.4万追番
1586,秀逗魔导士 第一季,9.3万追番
1587,偶像大师 SideM,9.2万追番
1588,纯情房东俏房客 Again,9.2万追番
1589,人鱼之森,9.2万追番
1590,头文字D Legend1 -觉醒-,9.2万追番
1591,女仆咖啡厅,9.2万追番
1592,蜡笔小新 呼风唤雨！光荣烧肉之路,9.2万追番
1593,蜡笔小新 超时空！呼风唤雨的我的新娘,9.2万追番
1594,黑神,9.1万追番
1595,BT21 UNIVERSE动画 第二季,9.1万追番
1596,米老鼠的黑白动画片生涯,9.1万追番
1597,厨神小当家（中配）,9.1万追番
1598,荷包蛋的蛋黄什么时候戳破才好？,9.1万追番
1599,翼・年代记 鸟笼国的公主,9万追番
1600,黑子的篮球 第2期 OVA,8.9万追番
1601,GA 艺术科美术设计班,8.9万追番
1602,群居姐妹 OVA,8.9万追番
1603,新白雪姬传说,8.9万追番
1604,佝偻猫 第一季,8.8万追番
1605,偶像大师灰姑娘剧场 第三季（TV版）,8.7万追番
1606,魔术士欧菲流浪之旅,8.7万追番
1607,星之卡比,8.7万追番
1608,机动战士高达AGE,8.7万追番
1609,Ragnastrike Angels,8.7万追番
1610,英雄传说 空之轨迹,8.7万追番
1611,鬼灭之刃 柱合会议・蝶屋篇,8.7万追番
1612,罗密欧与朱丽叶,8.7万追番
1613,机动战士高达 THE ORIGIN IV：命运的前夜,8.7万追番
1614,永不消失的彩虹,8.6万追番
1615,罗德岛战记,8.6万追番
1616,我的妹妹是大阪大妈,8.6万追番
1617,最后的吸血鬼,8.6万追番
1618,蜡笔小新 呼风唤雨！夕阳下的春日部男孩,8.6万追番
1619,棒球英豪 TV版,8.6万追番
1620,前进吧！登山少女 第二季,8.6万追番
1621,未确认进行式 OAD,8.5万追番
1622,食戟之` 神之皿（H限港澳台地^）,8.5万追番
1623,玩偶游戏,8.5万追番
1624,史上最强弟子兼一,8.5万追番
1625,排球少年剧场版 观念之战,8.4万追番
1626,怪盗基德1412（中配）,8.4万追番
1627,BT21 UNIVERSE动画,8.4万追番
1628,魔法少女 俺（中配）,8.4万追番
1629,干物妹！小埋R 中配版,8.4万追番
1630,咕噜咕噜魔法阵 新系列,8.4万追番
1631,新机动战记高达W 无尽的华尔兹,8.4万追番
1632,魔法使的新娘 等待繁星之人（H限台车^）,8.4万追番
1633,琴之森 第二季,8.4万追番
1634,痿YT派遣中！（H限港澳台地^）,8.4万追番
1635,绯色的欠片 第一季,8.3万追番
1636,机动战士高达 THE ORIGIN III：破晓起义,8.3万追番
1637,扩张少女系三重奏,8.3万追番
1638,破刃之剑 剧场版,8.3万追番
1639,新网球王子,8.3万追番
1640,网球并不可笑嘛 第一季,8.3万追番
1641,夏之岚,8.2万追番
1642,再造人卡辛,8.2万追番
1643,武装机甲,8.2万追番
1644,矶部矶兵卫物语,8.2万追番
1645,创圣的大天使EVOL,8.2万追番
1646,鸭子的生活,8.2万追番
1647,Fate/Grand Order - ^δЙF鹁巴比尼 -（H限台车^）,8.2万追番
1648,哆啦A梦 第二季,8.1万追番
1649,青空下的约定,8.1万追番
1650,战斗妖精雪风,8.1万追番
1651,VIVIDRED OPERATION,8.1万追番
1652,彩虹小马 小马国女孩2：彩虹摇滚,8.1万追番
1653,青山刚昌短篇集,8.1万追番
1654,温泉屋小女管家,8.1万追番
1655,哆啦A梦 大雄的宇宙英雄记,8.1万追番
1656,y河英雄髡f：全新命} 邂逅（H限港澳台地^）,8.1万追番
1657,薄樱鬼 黎明录,8.1万追番
1658,棺姬嘉依卡（H限港澳台地^）,8万追番
1659,重神机潘多拉（中配）,8万追番
1660,噬神者 SP,8万追番
1661,第一神拳,8万追番
1662,骇客时空,8万追番
1663,天使怪盗,8万追番
1664,解谜之音,8万追番
1665,爆音少女!! OAD,8万追番
1666,HUMAN LOST 人间失格,8万追番
1667,JOJO的奇妙冒U 不玢@石（H限台车^）,8万追番
1668,斗牌传说,8万追番
1669,飞翔的魔女 小剧场,8万追番
1670,彩虹小马 小马国女孩3：友谊大赛,7.9万追番
1671,双恋 Alternative,7.9万追番
1672,钻石王牌 ～Second Season～,7.9万追番
1673,推理之绊,7.9万追番
1674,SUSHI POLICE,7.9万追番
1675,怪盗JOKER 第一季,7.9万追番
1676,加速世界 OVA2 加速的顶点,7.8万追番
1677,科学小飞侠Crowds insight,7.8万追番
1678,天国少女,7.8万追番
1679,Re:Stage！Dream Days?,7.8万追番
1680,春 ,7.8万追剧
1681,魔法少女☆伊莉雅（H限港澳台地^）,7.8万追番
1682,滑头鬼之孙 第一季【中文】,7.8万追番
1683,攻壳机动队 个别的十一人,7.8万追番
1684,弩痍H×EROS（H限港澳台地^）,7.8万追番
1685,校园理想乡 学美向前冲！,7.8万追番
1686,上课小动作 OAD,7.8万追番
1687,兽娘动物园 2,7.8万追番
1688,ULTRAMAN 机动奥特曼（中配）,7.7万追番
1689,网球王子 BEST GAMES!!,7.7万追番
1690,生化危机：恶化,7.7万追剧
1691,战国鸟兽戏画 ~甲~,7.7万追番
1692,美妙天堂 第三季,7.7万追番
1693,大都会,7.7万追番
1694,香蕉喵 不可思议的伙伴们,7.6万追番
1695,京四郎和永远的天空,7.6万追番
1696,精灵宝可梦 剧场版18：光轮的超魔神胡帕,7.6万追番
1697,美妙天堂 偶像时间,7.6万追番
1698,彩云国物语 第二季,7.5万追番
1699,蜡笔小新 呼唤传说！三分钟嘎巴大进攻,7.5万追番
1700,机动战士高达 THE ORIGIN V：激战 鲁姆会战,7.5万追番
1701,变形金刚 领袖之证 第一季（美版）,7.5万追番
1702,灰羽联盟,7.5万追番
1703,机动武斗传G高达,7.4万追番
1704,蜡笔小新 呼风唤雨黄金的间谍大作战,7.4万追番
1705,刀ι裼 Alicization War of Underworld（H限台车^）,7.4万追番
1706,机动战士高达 THE ORIGIN II：悲哀的阿尔黛西亚,7.4万追番
1707,限制级杀手,7.4万追番
1708,圣哥传 OAD,7.4万追番
1709,香蕉喵,7.4万追番
1710,仰望半月的夜空,7.4万追番
1711,紫式部 源氏物语,7.4万追番
1712,白兔糖 特典,7.4万追番
1713,光明之心 ～幸福的面包～,7.3万追番
1714,夏娃的时间,7.3万追番
1715,智龙迷城X,7.3万追番
1716,热诚传说～导师的黎明～,7.3万追番
1717,One Off,7.3万追番
1718,魔弹之王与战姬 SP 堤格尔君与战姬亲,7.3万追番
1719,稹伲H限港澳台地^）,7.3万追番
1720,增血鬼果林,7.2万追番
1721,异次元觉醒,7.2万追番
1722,宇宙兄弟,7.2万追番
1723,最终兵器彼女,7.2万追番
1724,攻壳机动队 笑面男,7.2万追番
1725,凡尔赛玫瑰,7.2万追番
1726,遥远时空中 八叶抄,7.2万追番
1727,SACRED SEVEN,7.2万追番
1728,蜡笔小新 呐喊!春日部野生王国,7.2万追番
1729,小马宝莉 第五季 (中配）,7.2万追番
1730,哆啦A梦 大雄的平行西游记,7.1万追番
1731,明日之丈,7.1万追番
1732,亚人酱有话要说 （H限台车^）,7.1万追番
1733,RE-MAIN：少年与水球,7.1万追番
1734,剧场版 笑傲昙天(外传) 「前篇」,7.1万追番
1735,PHI・BRAIN 神之谜题 第一季,7.1万追番
1736,玛莉亚?狂热 第二季,7.1万追番
1737,攻壳机动队 S.A.C. Solid State Society,7.1万追番
1738,鬼神童子ZENKI,7.1万追番
1739,蜡笔小新 呼风唤雨！战国大合战,7.1万追番
1740,蜡笔小新之动感超人大战泳装魔王,7.1万追番
1741,创圣的大天使LOGOS,7.1万追番
1742,神曲奏界Polyphonica crimson S,7.1万追番
1743,YU-NO 在@世界M^唱鄣纳倥（H限港澳台地^）,7.1万追番
1744,女神异闻录3 电影版 第二章：仲夏骑士之梦,7.1万追番
1745,龙鸣,7.1万追番
1746,天体的秩序SP,7万追番
1747,死神的歌谣,7万追番
1748,偶像大师 SideM Mini,7万追番
1749,我的女神 缤纷之翼,7万追番
1750,在盛夏等待 特别篇,7万追番
1751,鬼灭之刃 兄妹之绊,7万追番
1752,最终休止符～无止境的螺旋物语～,7万追番
1753,雨色可可 欢迎来到RAINY COLOR！,7万追番
1754,苍色骑士（中文）,6.9万追番
1755,青之驱魔师 OAD,6.9万追番
1756,少女革命 思春期默示录,6.9万追番
1757,AIR 剧场版,6.9万追番
1758,强袭魔女:胜利之箭行动,6.9万追番
1759,闪灵二人组,6.9万追番
1760,魔法少女？Naria☆Girls,6.9万追番
1761,四娘物语,6.9万追番
1762,CANVAS2 七彩的素描,6.9万追番
1763,依巴拉度~时间篇,6.9万追番
1764,波子汽水,6.9万追番
1765,美男高校地球防卫部 HAPPY KISS！,6.9万追番
1766,暗夜第六感,6.8万追番
1767,阿松 SP 赛马轶事,6.8万追番
1768,机动战士高达 THE ORIGIN VI：红色彗星的诞生,6.8万追番
1769,逮捕令 第一季,6.8万追番
1770,Classica Loid 第二季,6.8万追番
1771,蟑螂娘,6.8万追番
1772,魔法骑士,6.8万追番
1773,薄樱鬼 雪华录,6.8万追番
1774,86－不存在的^－（H限港澳台地^）,6.8万追番
1775,变形金刚 领袖之证 第一季（中文版）,6.8万追番
1776,魔人侦探食脑奈罗,6.8万追番
1777,神枪少女 -IL TEATRINO-,6.8万追番
1778,宇宙战舰大和号 2199,6.8万追番
1779,无口的森田小姐,6.8万追番
1780,植木的法则,6.8万追番
1781,竞女（H限港澳台地^）,6.7万追番
1782,斩服少女 OAD,6.7万追番
1783,女神异闻录3 剧场版 #3 Falling Down,6.7万追番
1784,不可思议的教室,6.7万追番
1785,排球少年剧场版 胜者与败者,6.7万追番
1786,精灵宝可梦 剧场版2：梦幻的精灵宝可梦洛奇亚爆诞,6.6万追番
1787,动画心疗系,6.6万追番
1788,星河战队：入侵,6.6万追剧
1789,铁臂阿童木 2003,6.6万追番
1790,高达创战者 战斗部落（BATTLOGUE）,6.6万追番
1791,蜡笔小新 呼风唤雨！会唱歌的屁股炸弹,6.6万追番
1792,忍者少女千鸟～姐川・石山篇～,6.6万追番
1793,蜡笔小新之黑暗珠珠大追击,6.6万追番
1794,马达加斯加的企鹅 第二季,6.6万追番
1795,喵阿楞,6.6万追番
1796,欢乐课程,6.6万追番
1797,排球少年剧场版 才能与感觉,6.6万追番
1798,蜡笔小新之布里布里王国的秘密宝藏,6.6万追番
1799,苍之瞳的少女,6.6万追番
1800,魔神坛斗士,6.6万追番
1801,女学。～圣女斯克威尔学院～,6.5万追番
1802,漫研部,6.5万追番
1803,机器人笔记,6.5万追番
1804,头文字D Legend3 -梦现-,6.5万追番
1805,BanG Dream! OVA,6.5万追番
1806,Fantasista Doll,6.5万追番
1807,蜡笔小新 森林里的暴风雨,6.4万追番
1808,岩窟王,6.4万追番
1809,失忆症 SP,6.4万追番
1810,花田少年史,6.4万追番
1811,为什么猫都叫不来,6.3万追番
1812,漫画少女,6.3万追番
1813,蜡笔小新之云黑斋的野心,6.3万追番
1814,青之花,6.3万追番
1815,对某飞行员的追忆,6.3万追番
1816,捉迷藏,6.3万追番
1817,虫奉行OVA,6.3万追番
1818,越狱兔 第5季,6.3万追番
1819,高达创战者 ?GM的逆袭,6.2万追番
1820,Thunderbolt Fantasy 东离剑游纪 生死一剑,6.2万追番
1821,吟游默示录,6.2万追番
1822,四驱兄弟WGP（中文）,6.2万追番
1823,a子救世（H限港澳台地^）,6.2万追番
1824,TARI TARI OVA,6.2万追番
1825,强袭魔女 剧场版,6.2万追番
1826,浦岛坂田船的日常,6.2万追番
1827,交响情人梦Finale,6.2万追番
1828,棒球伙伴,6.1万追番
1829,南家三姐妹 夏日假期,6.1万追番
1830,只要你说你爱我 OAD,6.1万追番
1831,精灵宝可梦 剧场版12：阿尔宙斯超克的时空,6.1万追番
1832,我们大家的河合庄 SP,6.1万追番
1833,FLIP FLAPPERS（H限港澳台地^）,6.1万追番
1834,暗夜魔法使,6万追番
1835,宝可梦 就决定是你了！,6万追番
1836,刮掉E子的我c斓降呐高中生（H限港澳台地^）,6万追番
1837,偶像大师灰姑娘剧场 第二季,6万追番
1838,一弦定音！（H限港澳台地^）,6万追番
1839,棺姬嘉依卡 AVENGING BATTLE（H限港澳台地^）,6万追番
1840,夏娃的时间 剧场版,6万追番
1841,精灵宝可梦 剧场版16：神速的盖诺赛克特 超梦觉醒,5.9万追番
1842,头文字D Legend2 -斗走-,5.9万追番
1843,包在小可身上,5.9万追番
1844,铁腕巴迪 DECODE 第二季,5.9万追番
1845,Happiness!,5.9万追番
1846,百小Clear咭（H限港澳地^）,5.9万追番
1847,东京糖衣巧克力,5.8万追番
1848,英国恋物语艾玛,5.8万追番
1849,AKB0048 第二季,5.8万追番
1850,超能勇士,5.8万追番
1851,魔法老师涅吉!?,5.8万追番
1852,读或死 TV,5.8万追番
1853,钢铁神兵B'T-X,5.8万追番
1854,精灵宝可梦 剧场版5：水都的守护神拉帝亚斯和拉帝欧斯,5.8万追番
1855,剧场版「 - Alice in the Garden -」,5.8万追番
1856,人鱼的旋律Pure,5.8万追番
1857,彩虹小马 魔法公主特别篇,5.8万追番
1858,西洋古董洋果子店,5.7万追番
1859,摸索吧！部活剧,5.7万追番
1860,雷顿神秘侦探社～卡特莉的解谜事件簿～,5.7万追番
1861,丹特丽安的书架 OVA 荆姬,5.7万追番
1862,拜托了！双子星,5.7万追番
1863,流★星LENS,5.7万追番
1864,铁腕巴迪 DECODE,5.7万追番
1865,英国一家 吃在日本,5.7万追番
1866,绝对少年,5.7万追番
1867,赐予护女神的祝福,5.7万追番
1868,打工小哥！之2！,5.7万追番
1869,浜虎SD（迷你浜虎）,5.6万追番
1870,精灵宝可梦 剧场版10：决战时空之塔帝牙卢卡VS帕路奇VS达克莱伊,5.6万追番
1871,独自生活的小学生,5.6万追番
1872,神是中学生,5.6万追番
1873,哆啦A梦 大雄的秘密道具博物馆,5.6万追番
1874,精灵宝可梦 剧场版17 XY：破坏之茧与蒂安希,5.6万追番
1875,旅街LateShow,5.6万追番
1876,棒球大联盟 2,5.6万追番
1877,新机动战记高达W剧场版 无尽的华尔兹,5.6万追番
1878,哆啦A梦 大雄的新魔界大冒险~7人之魔法使,5.5万追番
1879,特例措置团体斯特拉女子学院高等科C3部,5.5万追番
1880,梦之祭！R,5.5万追番
1881,舞-HIME,5.5万追番
1882,格林童话剧场【中文】,5.5万追番
1883,诗片,5.5万追番
1884,橘子酱男孩,5.5万追番
1885,新飞天小女警 第一季,5.5万追番
1886,哆啦A梦 大雄的恐龙,5.5万追番
1887,魔女猎人罗宾,5.5万追番
1888,精灵宝可梦 剧场版7：裂空的访问者代欧奇希斯,5.5万追番
1889,精灵宝可梦 剧场版8：梦幻与波导的勇者路卡利欧,5.5万追番
1890,越狱兔 第2季,5.5万追番
1891,月咏-MOON PHASE-,5.5万追番
1892,精灵宝可梦 剧场版9：宝可梦保育家与苍海的王子 玛纳霏,5.4万追番
1893,逆转监督,5.4万追番
1894,蓝宝石之谜,5.4万追番
1895,交响情人梦 巴黎篇,5.4万追番
1896,昭和元落Z心中（H限港澳台地^）,5.4万追番
1897,偶像大师灰姑娘剧场 第四季（TV版）,5.4万追番
1898,美妙☆频道,5.4万追番
1899,高达创战者 TRY 岛上热战,5.4万追番
1900,干支魂～猫客万来～,5.4万追番
1901,哆啦A梦 新大雄的大魔境~扁扁与5人之探险队,5.4万追番
1902,CLAMP学园侦探团,5.4万追番
1903,强殖装甲凯普,5.4万追番
1904,超能力少女兰,5.4万追番
1905,食戟之` 豪之皿（H限港澳台地^）,5.4万追番
1906,网球并不可笑嘛 第八季,5.4万追番
1907,魔女的考验【日语】,5.4万追番
1908,记忆沉睡的孩子 奔向天空的摇篮,5.3万追番
1909,二十面相少女,5.3万追番
1910,柴犬阿旺的和式生活,5.3万追番
1911,宇宙战舰大和号2202 爱的战士,5.3万追番
1912,碧{幻想（H限台车^）,5.3万追番
1913,精灵宝可梦 剧场版11：骑拉帝纳与冰空的花束洁咪,5.3万追番
1914,怪盗基德（中配）,5.3万追番
1915,快盗天使 BREAK,5.3万追番
1916,怪谈餐厅,5.3万追番
1917,精灵宝可梦 剧场版4：雪拉比穿梭时空的相遇,5.3万追番
1918,黄金拼图 Pretty Days,5.3万追番
1919,怪医黑杰克 OVA（1993）,5.3万追番
1920,弹珠警察,5.3万追番
1921,精灵宝可梦 剧场版6：七夜的许愿星基拉祈,5.3万追番
1922,奇诺之旅 疾病之国 -For You-,5.3万追番
1923,武装炼金,5.3万追番
1924,魔法少女奈叶 The MOVIE 2nd A’s,5.2万追番
1925,学校怪谈,5.2万追番
1926,少女☆歌剧Revue Starlight -The LIVE- #2 Transition,5.2万追番
1927,精灵宝可梦 剧场版14 黑：比克提尼与黑英雄 捷克罗姆,5.2万追番
1928,GO!GO!575,5.2万追番
1929,真魔神英雄传 魔神山篇,5.2万追番
1930,浪客剑心 （中配）,5.2万追番
1931,湾岸MIDNIGHT,5.2万追番
1932,铁胆火车侠 第一季,5.2万追番
1933,机巧魔神2,5.2万追番
1934,私立堀镡学园 番外篇,5.1万追番
1935,宫河家的空腹,5.1万追番
1936,越狱兔 第3季,5.1万追番
1937,兔丸,5.1万追番
1938,魔姬！通（H限港澳台地^）,5.1万追番
1939,哆啦A梦 新・大雄与铁人兵团～振翅吧天使们～,5.1万追番
1940,宝可梦 我们的故事,5.1万追番
1941,游戏王剧场版 光之金字塔,5.1万追番
1942,cc公主,5.1万追番
1943,魔女的考验【中文】,5.1万追番
1944,侦探小队KZ事件簿,5.1万追番
1945,炎炎消防（H限港澳台地^）,5.1万追番
1946,史上最强弟子兼一 OVA,5.1万追番
1947,乌瑟的穷困生活,5.1万追番
1948,哆啦A梦 大雄的海底鬼岩城,5.1万追番
1949,沉默的未知,5.1万追番
1950,白箱（H限港澳台地^）,5.1万追番
1951,薄樱鬼 番外,5万追番
1952,精灵宝可梦 剧场版13：幻影的霸者索罗亚克,5万追番
1953,分形世界,5万追番
1954,魔法护士小麦R,5万追番
1955,精灵宝可梦 剧场版14 白：比克提尼与白英雄 雷希拉姆,5万追番
1956,随风飘的月影兰,5万追番
1957,怪盗Joker 第四季,5万追番
1958,魔法使的注意事项,5万追番
1959,鹤屋和熏干酪,5万追番
1960,哆啦A梦 大雄的人鱼大海战,5万追番
1961,SHUFFLE! MEMORIES,5万追番
1962,越狱兔 第4季,5万追番
1963,虹色DAYS OAD,4.9万追番
1964,滑头鬼之孙 第二季【中文】,4.9万追番
1965,世界征服 谋略之星 OVA,4.9万追番
1966,苍之茧,4.9万追番
1967,排球少年 跻案咝 VS 白BW@高校（H限港澳台地^）,4.9万追番
1968,精灵宝可梦 剧场版15：酋雷姆VS圣剑士 凯路迪欧,4.9万追番
1969,暴力宇宙海贼,4.9万追番
1970,迷宫塔 ～乌鲁克之盾～,4.9万追番
1971,FORTUNE ARTERIAL -赤之约束- OAD,4.9万追番
1972,哆啦A梦 大雄和发条都市冒险记,4.9万追番
1973,每度！浦安铁筋家族,4.8万追番
1974,彩虹小马 小马国女孩4：无尽之森传奇,4.8万追番
1975,欢迎来到加帕里公园 第三季,4.8万追番
1976,鬼灭之刃 那田蜘蛛山篇,4.8万追番
1977,B-PROJECT（H限港澳台地^）,4.8万追番
1978,少女☆歌剧Revue Starlight -The LIVE- #1 revival,4.8万追番
1979,校园迷糊大王 二学期,4.8万追番
1980,BECK,4.8万追番
1981,无限的未知,4.8万追番
1982,地狱天使,4.8万追番
1983,网球并不可笑嘛 第九季,4.8万追番
1984,仰望天空的少女瞳中的世界,4.8万追番
1985,偶像大师,4.7万追番
1986,新撰组镇魂歌 二分之一,4.7万追番
1987,当女孩遇到熊 SP,4.7万追番
1988,变形金刚 领袖之证 第三季（中文版）,4.7万追番
1989,近所物语,4.7万追番
1990,猫神八百万 SP,4.7万追番
1991,u曳露I△ 第二季（H限港澳台地^）,4.7万追番
1992,玛德莱克丝,4.7万追番
1993,悲惨世界 少女珂赛特,4.7万追番
1994,文学少女 剧场版,4.7万追番
1995,最终流放-银翼之法姆-,4.7万追番
1996,再见绝望先生 Blu-ray BOX化纪念话,4.7万追番
1997,魔力家族 La prima festa,4.7万追番
1998,哆啦A梦 大雄的猫狗时空传,4.6万追番
1999,头文字D Fourth Stage,4.6万追番
2000,夜之小双侠,4.6万追番
2001,情_曼史 第3季（H限港澳台地^）,4.6万追番
2002,古城荆棘王,4.6万追番
2003,哆啦A梦 大雄与奇迹之岛～动物历险记～,4.6万追番
2004,到另一个你的身边去,4.6万追番
2005,落叶,4.6万追番
2006,鲁邦三世：Master File,4.6万追番
2007,X战记 剧场版,4.6万追番
2008,战国鸟兽戏画～乙～,4.6万追番
2009,文学少女 今日的点心～初恋～,4.6万追番
2010,梦幻妖子,4.6万追番
2011,ONE～辉之季节～,4.6万追番
2012,足球骑士,4.6万追番
2013,光晕：传奇,4.6万追番
2014,钢铁交响乐,4.6万追番
2015,交响诗篇 AO,4.6万追番
2016,苍色骑士,4.6万追番
2017,蛋黄酱萝莉,4.6万追番
2018,哆啦A梦 大雄与日本诞生,4.6万追番
2019,Ｄｒ．ＳＴＯＮＥ（新石o）（H限港澳台地^）,4.6万追番
2020,铁臂阿童木 1980,4.5万追番
2021,草莓棉花糖 encore,4.5万追番
2022,哆啦A梦 大雄的创世日记,4.5万追番
2023,柯基和伙伴的日常,4.5万追番
2024,今天开始做魔王 OVA,4.5万追番
2025,瓶诘妖精,4.5万追番
2026,Crane Game Girls,4.5万追番
2027,绝灭危愚少女,4.5万追番
2028,素描簿,4.5万追番
2029,雨色Convention,4.5万追番
2030,男子啦啦队！！,4.4万追番
2031,百慕大三角~多彩田园曲~,4.4万追番
2032,NEEDLESS,4.4万追番
2033,神圣十月,4.4万追番
2034,薄樱鬼 第一章 京都乱舞,4.4万追番
2035,战国Collection,4.4万追番
2036,科W超磁hT（H限港澳台地^）,4.4万追番
2037,雨色可可 in Hawaii,4.4万追番
2038,怪医黑杰克21,4.4万追番
2039,怪物弹珠 第二季 前篇,4.4万追番
2040,薄樱鬼 第二章 士魂苍穹,4.4万追番
2041,全金属狂潮 TSR OVA 战队长悠闲的一天,4.4万追番
2042,金色琴弦 Blue?Sky,4.4万追番
2043,我的女神 战斗之翼,4.4万追番
2044,玉响～毕业写真～,4.4万追番
2045,枪神剧场版,4.4万追番
2046,怪盗JOKER 第二季,4.4万追番
2047,哆啦A梦 大雄的宇宙开拓史,4.4万追番
2048,心动的日子,4.4万追番
2049,银河铁道之夜,4.3万追番
2050,武装神姬 Moon Angel,4.3万追番
2051,只想受你欢迎,4.3万追番
2052,向山进发 回忆的礼物,4.3万追番
2053,哆啦A梦 大雄的宇宙漂流记,4.3万追番
2054,Da!Da!Da!,4.3万追番
2055,兔龟 女高网球部外传,4.3万追番
2056,幕末Rock,4.3万追番
2057,少女们向荒野进发 OVA,4.3万追番
2058,鲁邦三世：微风公主 ~ 被隐藏的空中都市,4.3万追番
2059,模型战士高达模型制作家 起始G,4.3万追番
2060,月桂树的王子们,4.3万追番
2061,城市猎人91,4.3万追番
2062,UN-GO episode: 0 因果论,4.2万追番
2063,城市猎人 剧场版,4.2万追番
2064,失落的宇宙,4.2万追番
2065,新网球王子 OVA,4.2万追番
2066,超时空要塞 ZERO,4.2万追番
2067,哆啦A梦 大雄的宇宙小战争,4.2万追番
2068,键姬物语 永久爱丽丝轮舞曲,4.2万追番
2069,金色琴弦～Secondo Passo～,4.2万追番
2070,时间飞船24,4.2万追番
2071,SWORD GAI 装刀凯 The Animation II,4.2万追番
2072,宇宙战舰大和号,4.2万追番
2073,战国无双,4.2万追番
2074,白砂糖战士,4.1万追番
2075,西蒙 SIMOUN,4.1万追番
2076,故乡漫游 日本的古老传说 第二季,4.1万追番
2077,最终试验鲸鱼,4.1万追番
2078,玉响～more aggressive～,4.1万追番
2079,MS动画图鉴 第二季,4.1万追番
2080,兽之奏者艾琳,4.1万追番
2081,奇诺之旅 活着的目标 -life goes on.-,4.1万追番
2082,游☆戏☆王 5D's OVA 进化的决斗！星尘龙 VS 真红魔龙,4.1万追番
2083,异度传说,4.1万追番
2084,成年女性的动画时间 第一季,4万追番
2085,哆啦A梦 新大雄的恐龙,4万追番
2086,元素猎人,4万追番
2087,女朋友and女朋友（H限港澳台地^）,4万追番
2088,探险活宝 第六季（中配）,4万追番
2089,小加速世界,4万追番
2090,法兰雀丝卡,4万追番
2091,萌菌物语 Returns,4万追番
2092,哆啦A梦 大雄的天方夜谭,4万追番
2093,王牌投手 振臂高挥～夏日大会篇～,4万追番
2094,昭和物语,4万追番
2095,排球少年！！第二季（H限港澳台地^）,4万追番
2096,哆啦A梦 大雄与风之使者,4万追番
2097,笨蛋男友,4万追番
2098,兽王星,4万追番
2099,刀ι裼 Alicization War of Underworld 第二季（H限台车^）,4万追番
2100,飞跃巅峰! 剧场版,4万追番
2101,弱酸性百万亚瑟王,4万追番
2102,哆啦A梦 大雄与梦幻三剑士,4万追番
2103,哆啦A梦 大雄和长翅膀的勇士们,4万追番
2104,哆啦A梦 大雄与铁人兵团,3.9万追番
2105,r主的逃[颉局辈ブ小浚H限台车^）,3.9万追番
2106,青之六号,3.9万追番
2107,神明之记,3.9万追番
2108,百万偶像,3.9万追番
2109,哆啦A梦 新大雄的宇宙开拓史,3.9万追番
2110,哆啦A梦 大雄的太阳王传说,3.9万追番
2111,奇诺之旅 塔之国 -Free Lance-,3.9万追番
2112,Re：牧汩_始的世界生活 第二季（H限港澳台地^）,3.9万追番
2113,偶像大师 剧场版 向着光辉的彼岸！,3.9万追番
2114,欢迎来到加帕里公园,3.9万追番
2115,心之国爱丽丝 剧场版,3.9万追番
2116,Re：牧汩_始的世界生活 第二季 Part2（H限港澳台地^）,3.9万追番
2117,喜剧,3.9万追番
2118,攻壳机动队ARISE,3.9万追番
2119,哆啦A梦 大雄与云之王国,3.9万追番
2120,鲁邦三世：次元大介的墓标,3.9万追番
2121,哆啦A梦 大雄与银河超特急,3.9万追番
2122,全金属狂潮 总集篇,3.9万追番
2123,神灵狩,3.9万追番
2124,MARS RED（H限港澳台地^）,3.8万追番
2125,侦探学园Q,3.8万追番
2126,哆啦A梦 大雄的大魔境,3.8万追番
2127,最终幻想：灵魂深处,3.8万追番
2128,强袭魔女 OVA,3.8万追番
2129,库拉乌幻之记忆,3.8万追番
2130,哆啦A梦 大雄的南海大冒险,3.8万追番
2131,钢铁侠,3.8万追番
2132,甜甜私房猫 第四季,3.8万追番
2133,哆啦A梦 大雄与绿之巨人传,3.8万追番
2134,天空战记,3.8万追番
2135,剑风传奇 新作（H限台湾地^）,3.8万追番
2136,银河铁道之夜 2006,3.8万追番
2137,温泉巡礼,3.7万追番
2138,爆走猎人,3.7万追番
2139,格R普尼（H限港澳台地^）,3.7万追番
2140,南瓜剪刀,3.7万追番
2141,不要输！！恶之军团！,3.7万追番
2142,天使心,3.7万追番
2143,佛兰德斯的狗,3.7万追番
2144,侦探歌剧 少女福尔摩斯 第二幕,3.7万追番
2145,橙路,3.7万追番
2146,第一神拳 Rising,3.7万追番
2147,漫研部～Surgical Friends～,3.7万追番
2148,我的长腿叔叔,3.7万追番
2149,香蕉怪大叔 呐呐~呐 北海妖怪追追追！（第三季）,3.7万追番
2150,索尼克,3.7万追番
2151,如果究OM化的完全沉浸RPG比F更像垃圾[虻脑（H限港澳地^）,3.6万追番
2152,哆啦A梦 大雄与动物行星,3.6万追番
2153,甜蜜偶像,3.6万追番
2154,问答魔法学院,3.6万追番
2155,无罪的维纳斯,3.6万追番
2156,月刊少女野崎君（H限港澳台地^）,3.6万追番
2157,乌瑟的穷困生活 梦幻篇,3.6万追番
2158,草莓棉花糖 OVA 第1期,3.6万追番
2159,哆啦A梦 大雄的魔界大冒险,3.6万追番
2160,翠星之加尔刚蒂亚～遥远的巡回航路～,3.6万追番
2161,海獭波乐,3.6万追番
2162,豹头王传说,3.6万追番
2163,玻璃假面,3.6万追番
2164,人机续篇,3.6万追番
2165,黑魔女学园,3.6万追番
2166,机器人少女Z,3.6万追番
2167,哆啦A梦 大雄与龙骑士,3.6万追番
2168,哆啦A梦 大雄和白金迷宫,3.6万追番
2169,百变之星,3.6万追番
2170,偶像大师 灰姑娘女孩 第一季 OVA,3.6万追番
2171,机动战舰大和抚子 TV版,3.6万追番
2172,此时此刻的我,3.6万追番
2173,砂和尚,3.6万追番
2174,碧{幻想 第二季（H限港澳台地^）,3.5万追番
2175,花牌情缘 OAD,3.5万追番
2176,平凡I造就世界最（H限港澳台地^）,3.5万追番
2177,街头霸王2 V,3.5万追番
2178,网球王子 过去和未来的信息,3.5万追番
2179,哆啦A梦 大雄与机器人王国,3.5万追番
2180,战国BASARA Judge End,3.5万追番
2181,The Revelation,3.5万追番
2182,勇者王GAOGAIGAR,3.5万追番
2183,91Days（H限港澳台地^）,3.5万追番
2184,深夜！天才傻鹏,3.5万追番
2185,青春草莓蛋,3.5万追番
2186,物怪,3.5万追番
2187,夜樱四重奏 星之海,3.5万追番
2188,鲁邦三世 东方见闻录 ～Another Page～,3.4万追番
2189,战国BASARA 贰,3.4万追番
2190,爱你宝贝,3.4万追番
2191,热带雨林的爆笑生活 DELUXE,3.4万追番
2192,梦之祭！研究室,3.4万追番
2193,法外制裁者 OAD,3.4万追番
2194,你是彼方,3.4万追番
2195,新勇者莱汀,3.4万追番
2196,超时空要塞F 虚空歌姬 前篇,3.4万追番
2197,朝雾的巫女,3.4万追番
2198,火影忍者舞台剧,3.4万追番
2199,乔瓦尼之岛,3.4万追番
2200,绯色的欠片 第二季,3.4万追番
2201,烈火之炎,3.4万追番
2202,变形金刚 领袖之证 第二季（中文版）,3.4万追番
2203,D・N・A2 ~他到底失去了什么？~,3.4万追番
2204,闪电十一人,3.4万追番
2205,能继续奔跑下去真是太好了。,3.4万追番
2206,网球优等生,3.3万追番
2207,Z希大人不怵H！（H限港澳台地^）,3.3万追番
2208,拳皇的另一天,3.3万追番
2209,A频道+smile,3.3万追番
2210,真的有呀！灵媒先生,3.3万追番
2211,热风海陆bushiroad SP,3.3万追番
2212,@勇者明明超TUEEEs^度慎！（H限台车^）,3.3万追番
2213,银盘万花筒,3.3万追番
2214,囝仔小短篇,3.3万追番
2215,|京统鹫撸H限港澳台地^）,3.3万追番
2216,十二生肖守护神,3.3万追番
2217,LOVE STAGE!!（H限港澳台地^）,3.3万追番
2218,古斯柯布多力传记,3.3万追番
2219,最游记 RELOAD GUNLOCK,3.3万追番
2220,超级机器人大战OG -DIVINE WARS- 第一季,3.3万追番
2221,竖笛与双肩书包 2?,3.3万追番
2222,天使特警,3.3万追番
2223,星界死者之书,3.3万追番
2224,网球王子剧场版：英国式庭球城决战,3.3万追番
2225,Hello Kitty的天堂,3.3万追番
2226,你好七叶 第一季,3.3万追番
2227,偶像大师灰姑娘剧场 第三季（WEB版）,3.3万追番
2228,RE：人造人009,3.3万追番
2229,四色战记 / RWBY 第一季,3.3万追番
2230,乡村医生,3.3万追番
2231,夜樱四重奏 月之泣,3.2万追番
2232,偶像大师 灰姑娘女孩 第二季 OVA,3.2万追番
2233,ZEGAPAIN,3.2万追番
2234,快盗天使TWIN ANGEL,3.2万追番
2235,摇滚吧！中二乐团,3.2万追剧
2236,高智能方程式：SIN,3.2万追番
2237,只要e西卜大小姐喜g就好（H限港澳台地^）,3.2万追番
2238,成年女性的动画时间 第二季,3.2万追番
2239,热带雨林的爆笑生活 FINAL,3.2万追番
2240,阴守忍者,3.2万追番
2241,网球并不可笑嘛 第七季,3.2万追番
2242,女神宿舍的管理T。【安全版】（H限港澳台地^）,3.2万追番
2243,黑狐/BLACK FOX,3.2万追番
2244,青鬼 THE ANIMATION,3.2万追番
2245,无敌看板娘,3.1万追番
2246,魔法老师！～另一个世界,3.1万追番
2247,瓦尼塔斯的手札（H限港澳台地^）,3.1万追番
2248,超级小白（中配）,3.1万追番
2249,变形金刚大电影,3.1万追番
2250,鲁邦三世：巴比伦黄金传说,3.1万追番
2251,太空堡垒 第一季,3.1万追番
2252,BLUE DROP 天使们的戏曲,3.1万追番
2253,恋爱天使 安琪莉可～心觉醒之时～,3.1万追番
2254,七色星露,3.1万追番
2255,JOKER GAME SP,3.1万追番
2256,轮回的拉格朗日 第二季,3.1万追番
2257,迷你偶像,3.1万追番
2258,魔神英雄传 永恒传说,3.1万追番
2259,COP CRAFT（H限台车^）,3.1万追番
2260,剧场版 笑傲昙天(外传) 「中篇」,3.1万追番
2261,青出于蓝～缘～,3.1万追番
2262,莎拉公主,3.1万追番
2263,婆娑罗,3.1万追番
2264,最游记RELOAD,3.1万追番
2265,五星物语,3.1万追番
2266,初瓣,3.1万追番
2267,天使的水果糖,3万追番
2268,艾梅洛w下 II 世事件簿 -魔眼L集列 Grace note-（H限台车^）,3万追番
2269,银河英雄传说 我的征途是星辰大海,3万追番
2270,忘却的旋律,3万追番
2271,蜜桃女孩,3万追番
2272,魔法老师涅吉! ANIME FINAL,3万追番
2273,MARGINAL#4 从KISS开始创造Big Bang,3万追番
2274,北斗神拳拉欧外传-天之霸王,3万追番
2275,人类衰退之后 SP,3万追番
2276,粉彩回忆,3万追番
2277,世嘉硬件女孩,3万追番
2278,风人物语,3万追番
2279,虎子,3万追番
2280,「Free!」2020线上交响音乐会,3万追番
2281,剧场版 笑傲昙天(外传) 「后篇」,3万追番
2282,超时空要塞F 恋离飞翼 后篇,3万追番
2283,长门有希酱的消失 OAD,3万追番
2284,小猪佩奇 第七季,3万追番
2285,神奇宝贝不可思议的迷宫 时之探险队?暗之探险队,3万追番
2286,幻影死神,3万追番
2287,P於我D生成史R姆@n事 D生史R姆日（H限台车^）,2.9万追番
2288,HEROMAN,2.9万追番
2289,超时空要塞 可曾记得爱,2.9万追番
2290,破天荒游戏,2.9万追番
2291,小猪佩奇 第三季 英文版,2.9万追番
2292,果然我的青春巯「沐e了。完（H限港澳台地^）,2.9万追番
2293,仙界传 封神演义,2.9万追番
2294,图书馆战争 革命之翼,2.9万追番
2295,网球并不可笑嘛 第二季,2.9万追番
2296,新世界 未来篇,2.9万追番
2297,我家也有外星人,2.9万追番
2298,网球并不可笑嘛 第六季,2.9万追番
2299,OVERLORD（H限港澳台地^）,2.9万追番
2300,魂狩,2.9万追番
2301,天使的尾巴,2.9万追番
2302,高智能方程式：SAGA,2.9万追番
2303,小猪佩奇 第二季 英文版,2.8万追番
2304,竖笛与双肩书包 3☆,2.8万追番
2305,夏之岚！ ～春夏冬中～,2.8万追番
2306,普通女高中生要做当地偶像 OVA,2.8万追番
2307,重力异想世界2 序章,2.8万追番
2308,胡子小鸡,2.8万追番
2309,高校星歌剧 OVA,2.8万追番
2310,泰坦尼亚,2.8万追番
2311,战斗陀螺 第一季,2.8万追番
2312,小猪佩奇 第七季 英文版,2.8万追番
2313,两个人是少女福尔摩斯,2.8万追番
2314,生日乐园,2.8万追番
2315,智龙迷城,2.8万追番
2316,比得兔（第一季）,2.8万追番
2317,天使领域,2.8万追番
2318,魔法少女砂沙美,2.8万追番
2319,蜜×蜜水果糖,2.7万追番
2320,你所期望的永远 ?Next Season?,2.7万追番
2321,向阳素描×蜂窝,2.7万追番
2322,昭和元落Z心中-助六再R篇（H限港澳台地^）,2.7万追番
2323,漫研部~妄想突变~,2.7万追番
2324,高智能方程式：ZERO,2.7万追番
2325,绿林寮,2.7万追番
2326,三者三叶 特典,2.7万追番
2327,酷妹当家,2.7万追番
2328,桥的那一边,2.7万追番
2329,魔法使的注意事项 夏季的天空,2.7万追番
2330,东之伊甸I -The King of Eden,2.7万追番
2331,成惠的世界,2.7万追番
2332,.hack//世界的彼方,2.7万追番
2333,千岁 Get You!!,2.7万追番
2334,龙收藏,2.7万追番
2335,吉尔伽美什,2.7万追番
2336,魔神Z 真魔神 冲击！Z篇,2.7万追番
2337,SHADOWS HOUSE-影宅-（H限港澳台地^）,2.7万追番
2338,.HACK//Quantum,2.7万追番
2339,莉露莉露妖精莉露～妖精之门～,2.7万追番
2340,拽妹黛薇儿 第二季,2.7万追番
2341,神样DOLLS,2.7万追番
2342,御伽草子,2.7万追番
2343,奴`^ The Animation（H限港澳台地^）,2.7万追番
2344,摸索吧！部活剧 再来一个,2.7万追番
2345,向阳素描×365,2.6万追番
2346,网球王子 那时的我们,2.6万追番
2347,鲁邦三世：DEAD OR ALIVE,2.6万追番
2348,火鸟,2.6万追番
2349,魔界战记 迪斯凯亚,2.6万追番
2350,剧场版 银河机攻队Majestic Prince 觉醒的基因,2.6万追番
2351,明日之丈 第二季,2.6万追番
2352,恋恋七人组,2.6万追番
2353,仙境传说,2.6万追番
2354,傀儡师左近,2.6万追番
2355,秀逗魔导士 第二季,2.6万追番
2356,宇崎W妹想要玩！（H限港澳台及其他地^）,2.6万追番
2357,魔王大人、RETRY！（H限港澳台地^）,2.6万追番
2358,危险调查员,2.6万追番
2359,[蛲酰捍卧的黑暗面（H限港澳台地^）,2.6万追番
2360,爱玩怪兽,2.6万追番
2361,工作狂人,2.6万追番
2362,手冢治虫的佛陀：永无止境之旅,2.6万追番
2363,失融合WIXOSS（H限港澳台地^）,2.6万追番
2364,高智能方程式 DOUBLE ONE,2.6万追番
2365,我们这一家 剧场版,2.6万追番
2366,袖珍女仆小梅,2.6万追番
2367,鲁邦三世：血之刻印 永远的Mermaid,2.6万追番
2368,神奇宝贝：皮卡丘的鬼怪狂欢节,2.6万追番
2369,心之彼端2 Adplus,2.6万追番
2370,亚尔斯兰战记 OAD,2.6万追番
2371,偶像大师 闪耀祭典,2.5万追番
2372,圣石小子,2.5万追番
2373,海天使的灯火,2.5万追番
2374,X战警：进化,2.5万追番
2375,魔法战士李维,2.5万追番
2376,生肖奇缘 (2019)（H限港澳地^）,2.5万追番
2377,银河冒险战记,2.5万追番
2378,我的女神 OVA,2.5万追番
2379,Double Decker!?道格&基里（H限港澳台地^）,2.5万追番
2380,o不绲哪悖H限港澳台地^）,2.5万追番
2381,快餐厅之恋,2.5万追番
2382,落语天女,2.5万追番
2383,我真的W不恚。H限台车^）,2.5万追番
2384,迷糊天使,2.5万追番
2385,心之彼端2 OVA,2.5万追番
2386,大家集合！Falcom学园,2.5万追番
2387,咕噜咕噜魔法阵,2.5万追番
2388,出云战记,2.5万追番
2389,Candy☆Boy OVA,2.5万追番
2390,网球王子剧场版 二人的武士,2.5万追番
2391,攻壳机动队 塔奇克马的日常,2.5万追番
2392,科W一方通行（H限台车^）,2.4万追番
2393,心之彼端2 Another Day,2.4万追番
2394,校园迷糊大王 三学期,2.4万追番
2395,炎炎消防 E之章（H限港澳台地^）,2.4万追番
2396,探险活宝 第七季（中配）,2.4万追番
2397,灌篮少年,2.4万追番
2398,如果高中棒球社女经理读过杜拉克的《管理学》的话,2.4万追番
2399,信长之枪,2.4万追番
2400,Macross Plus OVA,2.4万追番
2401,网球并不可笑嘛 第五季,2.4万追番
2402,佝偻猫 第二季,2.4万追番
2403,摸索吧！部活剧 第三季,2.4万追番
2404,是魔法使的话就吃味噌,2.4万追番
2405,X战警,2.4万追番
2406,钢铁神兵B'T-X NEO,2.4万追番
2407,月面兔兵器米娜,2.4万追番
2408,蓝龙,2.4万追番
2409,东月西阳,2.4万追番
2410,x夜姬想人告白？~天才的垲^X~（H限台车^）,2.4万追番
2411,新飞天小女警 第二季,2.4万追番
2412,网球王子剧场版 迹部的礼物,2.4万追番
2413,Crane Game Girls 第二季,2.4万追番
2414,吹！上低音 ?~g迎淼奖庇钪胃咝４底凡~（H限台车^）,2.4万追番
2415,侦探歌剧 少女福尔摩斯 OVA,2.4万追番
2416,永恒传说,2.4万追番
2417,神枪少女 -IL TEATRINO- OVA,2.4万追番
2418,大怪兽RUSH,2.4万追番
2419,_y THE PRINCESS OF SNOW AND BLOOD（H限港澳台地^）,2.4万追番
2420,艾莉森与莉莉娅,2.4万追番
2421,逮捕令 全速前进,2.3万追番
2422,兽械争霸,2.3万追番
2423,刀使巫女（中配）,2.3万追番
2424,小猪佩奇 第六季,2.3万追番
2425,青兰圆舞曲,2.3万追番
2426,希望宅邸3D 第一季,2.3万追番
2427,魔法巧克力专门店,2.3万追番
2428,爱米 -WE LOVE RICE- 第二季,2.3万追番
2429,世界大战：歌利娅,2.3万追剧
2430,{海少女（H限台车^）,2.3万追番
2431,少年好莱坞,2.3万追番
2432,空想新子和千年的魔法,2.3万追剧
2433,吟游默示录 wieder,2.3万追番
2434,后天的方向,2.3万追番
2435,向阳素描×☆☆☆,2.3万追番
2436,神田川JET GIRLS（H限台车^）,2.3万追番
2437,十兵卫2 西伯利亚柳生的反击,2.3万追番
2438,鲁邦三世：风魔家族的阴谋,2.3万追番
2439,天使的小生意气,2.3万追番
2440,Active Raid -机动强袭室第八课-,2.3万追番
2441,阴阳大战记,2.3万追番
2442,Di Gi Charat,2.3万追番
2443,鲁邦三世：俄罗斯之恋,2.3万追番
2444,动画秘密花园,2.3万追番
2445,飞篮扣杀,2.3万追番
2446,爱天使传说,2.3万追番
2447,怪物猎人物语 RIDE ON 第二季,2.3万追番
2448,妙手小厨师,2.3万追番
2449,小猪佩奇 第二季,2.3万追番
2450,恋之魔法波波糖,2.3万追番
2451,水晶版 雷公 雷的传说,2.3万追番
2452,网球并不可笑嘛 第三季,2.3万追番
2453,星掠者（H限港澳台地^）,2.3万追番
2454,我是小甜甜,2.3万追番
2455,DOUBLE CIRCLE,2.3万追番
2456,苍穹之法芙娜 HEAVEN AND EARTH,2.3万追番
2457,流汗吧！健身少女（H限港澳台地^）,2.2万追番
2458,东京地下城,2.2万追番
2459,超域公主BY☆Re:Dive（H限港澳台地^）,2.2万追番
2460,银发的阿基多,2.2万追番
2461,苍天航路,2.2万追番
2462,弹珠人爆外传,2.2万追番
2463,同人WORK,2.2万追番
2464,魁!!库洛马迪高校,2.2万追番
2465,THE BIG O,2.2万追番
2466,头文字D Extra Stage,2.2万追番
2467,时间飞船24 逆袭的三恶人,2.2万追番
2468,新天线宝宝 第二季,2.2万追番
2469,魔神凯撒,2.2万追番
2470,叮当猫,2.2万追番
2471,出云传奇,2.2万追番
2472,骇客时空 根源,2.2万追番
2473,冬季恋歌,2.2万追番
2474,柯鲁布克罗/ Coluboccoro,2.2万追番
2475,心跳今夜,2.1万追番
2476,小猪佩奇 第八季,2.1万追番
2477,无口的森田小姐 2,2.1万追番
2478,逮捕令 第二季,2.1万追番
2479,天翔少女,2.1万追番
2480,托尔与洛基：血亲,2.1万追番
2481,迷你偶像 2期,2.1万追番
2482,驭龙少年,2.1万追番
2483,你好七叶 第二季,2.1万追番
2484,欢迎来到加帕里公园 第二季,2.1万追番
2485,u魔女 501部出!（H限台车^）,2.1万追番
2486,怪物弹珠 第二季 后篇,2.1万追番
2487,美男高校地球防卫部LOVE！LOVE！LOVE！,2.1万追番
2488,宇宙航海王 ABYSS OF HYPERSPACE -亚空的深渊-：剧场版,2.1万追番
2489,拽妹黛薇儿 第三季,2.1万追番
2490,校园迷糊大王 一学期补习,2.1万追番
2491,女高中生的度日常（H限台车^）,2.1万追番
2492,告V我！辣妹子u（H限港澳台地^）,2.1万追番
2493,偶像大师 XENOGLOSSIA,2.1万追番
2494,人造人009,2.1万追番
2495,我的女神 剧场版,2.1万追番
2496,帕卢姆之树,2.1万追番
2497,我的女神 OAD,2.1万追番
2498,守护月天,2.1万追番
2499,竖笛与双肩书包 OAD,2.1万追番
2500,少年阿贝 GO!GO!小芝麻,2.1万追番
2501,街角的童话,2.1万追番
2502,MINUSCULE ～小昆虫的故事～,2.1万追番
2503,碧{航（H限港澳台地^）,2.1万追番
2504,遥远时空中 舞一夜,2.1万追番
2505,仙乐传说 西尔瓦蓝特篇,2万追番
2506,机兽起源,2万追番
2507,神的逆[（H限台车^）,2万追番
2508,未来卡 搭档对战,2万追番
2509,雨月,2万追番
2510,三千里寻母记,2万追番
2511,头文字D Extra Stage 2,2万追番
2512,人生交叉点-HUMAN SCRAMBLE-,2万追番
2513,明日之丈剧场版,2万追番
2514,鬼缰刃 o限列篇（H限台车^）,2万追番
2515,漂流武士 （H限港澳台地^）,2万追番
2516,商揭呀，死了。（H限港澳台地^）,2万追番
2517,青梅竹R^Σ的巯。H限港澳台地^）,2万追番
2518,冬季花园,2万追番
2519,向日葵！ 第一季,2万追番
2520,一弦定音！第二季（H限港澳台地^）,2万追番
2521,无畏魔女 OVA,2万追番
2522,永远的艾塞莉娅,2万追番
2523,小猪佩奇 第三季,2万追番
2524,声优战队VOICESTORM7,2万追番
2525,玉响～more aggressive～ OVA,2万追番
2526,怪医美女RAY,2万追番
2527,锁链战记～赫克瑟塔斯之光～短篇,2万追番
2528,饿沙罗鬼,2万追番
2529,入g同W入魔了（H限台车^）,2万追番
2530,明日的娜嘉,2万追番
2531,樱花大战 OVA1 樱华绚烂,2万追番
2532,最游记RELOAD 埋葬篇,2万追番
2533,团团喵,2万追番
2534,海螺小姐,2万追番
2535,世界魔女出樱。H限港澳台地^）,2万追番
2536,超剧场版 Keroro军曹2 深海的公主,2万追番
2537,P於我D生成史R姆@n事 第二季（H限台车^）,2万追番
2538,海獭波乐 2nd,2万追番
2539,新天线宝宝,2万追番
2540,小猪佩奇 第六季 英文版,2万追番
2541,斯特拉的魔法 OVA,2万追番
2542,森林好小子,1.9万追番
2543,真?女神转生 魔力宝贝,1.9万追番
2544,辣妹当家,1.9万追番
2545,鲁邦三世：活下来的魔术师,1.9万追番
2546,心之彼端2 迷宫旅行者,1.9万追番
2547,英国一家 吃在正月,1.9万追番
2548,公主候补生佑希,1.9万追番
2549,初夏,1.9万追番
2550,BALDR FORCE EXE RESOLUTION,1.9万追番
2551,怪兽酒场干杯！,1.9万追番
2552,魔法科高中的等生（H限港澳台地^）,1.9万追番
2553,火球,1.9万追番
2554,年老的鳄鱼,1.9万追番
2555,Blossom,1.9万追番
2556,四圣兽 光阴叙事诗天使谭,1.9万追番
2557,牙-KIBA,1.9万追番
2558,星星公主,1.9万追番
2559,Four of a Kind 四牌士,1.9万追番
2560,灼热卡巴迪,1.9万追番
2561,晴不定的w操哥哥（H限港澳台地^）,1.9万追番
2562,PHI・BRAIN 神之谜题 第三季,1.9万追番
2563,浪漫追星社,1.9万追番
2564,心之彼端2 Adnext,1.9万追番
2565,鲁邦三世：初次交锋,1.9万追番
2566,死神少c黑女W（H限港澳台地^）,1.9万追番
2567,黏黏糊糊！！角质君,1.9万追番
2568,十兵卫 心形眼罩的秘密,1.9万追番
2569,甜蜜声优,1.9万追番
2570,LS新大④（H限港澳台地^）,1.9万追番
2571,偷影子的老鼠,1.9万追番
2572,温柔进行曲-The Tender March-,1.9万追番
2573,湘南暴走族,1.9万追番
2574,奇蛋物Z Wonder Egg Priority（H限港澳台地^）,1.9万追番
2575,紫音之王,1.9万追番
2576,我真的W不恚〉诙季（H限台车^）,1.8万追番
2577,伊利亚：杰拉姆,1.8万追番
2578,海獭波乐 3rd,1.8万追番
2579,空中秋千,1.8万追番
2580,拽妹黛薇儿 第四季,1.8万追番
2581,机动新撰组 萌之剑,1.8万追番
2582,小猪佩奇 第四季 英文版,1.8万追番
2583,东之伊甸II -Paradise Lost,1.8万追番
2584,小猪佩奇 第四季,1.8万追番
2585,鲁邦shanshee,1.8万追番
2586,小猪佩奇 第五季,1.8万追番
2587,钢铁神吉克,1.8万追番
2588,ID:INVADED（H限港澳台地^）,1.8万追番
2589,超级机器人大战OG -DIVINE WARS- 第二季,1.8万追番
2590,纸箱战机 第一部,1.8万追番
2591,{海少女～advance～（H限台车^）,1.8万追番
2592,世界迷m黑心企I（H限港澳台地^）,1.8万追番
2593,星空奇迹,1.8万追番
2594,平行世界物语,1.8万追番
2595,爆丸 粤语版,1.8万追番
2596,鲁邦三世：天使的策略～梦的碎片是杀人的香味～,1.8万追番
2597,城市猎人 SP,1.8万追番
2598,秀逗魔导士 第三季,1.8万追番
2599,秀逗魔导士 SPECIAL,1.8万追番
2600,战吼,1.8万追番
2601,我不是f了能力要平均值幔浚H限港澳台地^）,1.8万追番
2602,风-心之呼吸-,1.7万追番
2603,极上学生会,1.7万追番
2604,小猪佩奇 第五季 英文版,1.7万追番
2605,UN-GO 日记短片,1.7万追番
2606,PHI・BRAIN 神之谜题 第二季,1.7万追番
2607,To Heart 回忆永恒,1.7万追番
2608,TRY KNIGHTS（H限台车^）,1.7万追番
2609,彗星公主,1.7万追番
2610,快盗天使双胞胎,1.7万追番
2611,超能奇兵,1.7万追番
2612,骇客时空 G.U.TRILOGY,1.7万追番
2613,舞-乙HiME,1.7万追番
2614,天保异闻妖奇士,1.7万追番
2615,心跳回忆,1.7万追番
2616,大家集合！Falcom学园 第二季,1.7万追番
2617,变形金刚 领袖之证 第二季（美版）,1.7万追番
2618,安倍桥魔法☆商店街,1.7万追番
2619,新战神金刚：传奇守护神,1.7万追番
2620,H2 好逑双物语,1.7万追番
2621,宇宙战舰山本洋子,1.7万追番
2622,网球优等生 第二期,1.7万追番
2623,妖魔,1.7万追番
2624,闪电十一人 第三季 日语,1.7万追番
2625,魔动王 最后的魔法大战,1.7万追番
2626,骇客时空 黄昏的腕轮传说,1.7万追番
2627,交响诗篇 超进化1,1.7万追剧
2628,闪电十一人 第一季 日语,1.7万追番
2629,欢迎来到宇宙SHOW,1.7万追番
2630,毒蛇信条,1.7万追番
2631,秀逗魔导士 第四季 上,1.6万追番
2632,名侦探波洛和马普尔小姐,1.6万追番
2633,香蕉怪大叔 呐呐~呐 好奇洞穴乐园（第二季）,1.6万追番
2634,Peeping Life,1.6万追番
2635,高桥留美子剧场,1.6万追番
2636,死体兵,1.6万追番
2637,机魂末世录,1.6万追番
2638,宝石宠物 Kira☆Deko!（第四季）,1.6万追番
2639,正义小天使真绪,1.6万追番
2640,莉露莉露妖精莉露～魔法之镜～,1.6万追番
2641,超级街头霸王4,1.6万追番
2642,2077日本锁国,1.6万追剧
2643,如果究OM化的完全沉浸RPG比F更像垃圾[虻脑（H限台车^）,1.6万追番
2644,无家可归的小孩,1.6万追番
2645,佩琳物语,1.6万追番
2646,魔神坛斗士 辉煌帝传说,1.6万追番
2647,超时空要塞II 再爱一次 OVA,1.6万追番
2648,春日望和安斋由香里的Do YU~NO~ the Radio,1.6万追番
2649,战斗之魂 第七季,1.6万追番
2650,秀逗魔导士 第四季 下,1.6万追番
2651,乌龙派出所特别篇2016：THE FINAL 两津勘吉最后的一天,1.6万追番
2652,轻松小熊和小薰,1.6万追番
2653,天体战士,1.6万追番
2654,拽妹黛薇儿 第五季,1.6万追番
2655,装神少女小缠 OVA,1.6万追番
2656,英国恋物语艾玛 第二幕,1.6万追番
2657,喜g本大的竟然就一？（H限台车^）,1.6万追番
2658,人鱼之森 OVA,1.6万追番
2659,DOUBLE-J,1.6万追番
2660,秋之回忆5 中断的胶片,1.6万追番
2661,金刚狼,1.6万追番
2662,忍者乱太郎,1.6万追番
2663,狡猾飞天德,1.6万追番
2664,银河天使,1.6万追番
2665,刺客守t（H限港澳台地^）,1.6万追番
2666,交响情人梦 OAD,1.6万追番
2667,蝴蝶绮 ～年轻的信长～,1.6万追番
2668,百霸王c}s女武神（H限港澳台地^）,1.6万追番
2669,零秒出手,1.6万追番
2670,克拉斯特学院,1.6万追番
2671,变形金刚2008,1.6万追番
2672,鲁邦三世：通往恶魔岛,1.6万追番
2673,银河机攻队MAJESTIC PRINCE 新作动画,1.6万追番
2674,故事少女穗乃花,1.6万追番
2675,雷顿教授与永远的歌姬,1.6万追番
2676,时光钟摆,1.5万追番
2677,宝石宠物 Sunshine（第三季）,1.5万追番
2678,恋爱占卜师,1.5万追番
2679,超时空要塞 Flash Back OVA,1.5万追番
2680,天使特警2,1.5万追番
2681,鲁邦三世：爱的记号~ 不二子不幸的一天,1.5万追番
2682,飞跃巅峰 科学讲座,1.5万追番
2683,思考与绘画：日本新世纪艺术动画,1.5万追番
2684,银色的奥林西斯,1.5万追番
2685,女神候补生,1.5万追番
2686,x呆利 World ☆ Stars（H限港澳台地^）,1.5万追番
2687,机甲战记威龙,1.5万追番
2688,奔向地球,1.5万追番
2689,银河英雄传说 黄金之翼,1.5万追番
2690,贤治之春,1.5万追番
2691,背骑少女,1.5万追番
2692,大正野球娘,1.5万追番
2693,茄子・安达卢西亚之夏,1.5万追番
2694,天空之艾斯嘉科尼,1.5万追番
2695,鹿枫堂 （中配）,1.5万追番
2696,声声相对论,1.5万追番
2697,变形金刚 领袖的挑战 第一季,1.5万追番
2698,Hello Kitty 苹果森林 第三季,1.5万追番
2699,曙光少女,1.5万追番
2700,银河铁道物语,1.5万追番
2701,魔神凯撒SKL,1.5万追番
2702,拽妹黛薇儿 剧场版,1.5万追番
2703,魔法阵都市,1.5万追番
2704,超剧场版 Keroro军曹4 龙勇士的逆袭,1.5万追番
2705,很帅很可爱宣言,1.5万追番
2706,迷宫塔 ～乌鲁克之剑～,1.5万追番
2707,Active Raid -机动强袭室第八课- 2nd,1.5万追番
2708,青涩宝贝,1.5万追番
2709,交响诗篇 超进化2,1.5万追剧
2710,秋之回忆 OVA,1.5万追番
2711,读或死 OVA,1.5万追番
2712,Y世界h足（H限港澳台地^）,1.4万追番
2713,基因攻防战,1.4万追番
2714,战国BASARA 剧场版 -The Last Party-,1.4万追番
2715,川之光,1.4万追番
2716,火魅子传,1.4万追番
2717,我的女神 小不隆咚便利多多,1.4万追番
2718,玉家典当铺,1.4万追番
2719,四圣兽 ～圣兽降临篇～,1.4万追番
2720,创龙传,1.4万追番
2721,桃子男孩渡海而恚H限港澳台地^）,1.4万追番
2722,鲁邦三世：the Last Job,1.4万追番
2723,最游记 Requiem 落选者的镇魂歌,1.4万追番
2724,超剧场版 Keroro军曹5 诞生！究极Keroro奇迹的时空岛！,1.4万追番
2725,解谜之音 KAITO×ANSA,1.4万追番
2726,大魔法g,1.4万追番
2727,魔法少女加奈,1.4万追番
2728,Four of a Kind 四牌士 第二季,1.4万追番
2729,不可思议星球的双胞胎公主 Gyu SP,1.4万追番
2730,魔术士奥芬,1.4万追番
2731,银河英雄传说 新战争的序曲,1.4万追番
2732,鲁邦三世：鲁邦暗杀指令,1.4万追番
2733,战国鬼才传,1.4万追番
2734,只有我能M入的[藏迷m（H限港澳台地^）,1.4万追番
2735,第一神拳 间柴vs木村 死刑执行,1.4万追番
2736,横山光辉三国志,1.4万追番
2737,我的重u人生（H限港澳台地^）,1.4万追番
2738,因椴皇钦嬲的夥伴而被逐出勇者伍，流落到境展_慢活人生（H限港澳台地^）,1.4万追番
2739,魔动王 冒险篇,1.4万追番
2740,逮捕令 剧场版 墨东署最大危机,1.4万追番
2741,精`幻想（H限港澳台地^）,1.4万追番
2742,D生成女性向[蛑挥 END 的娜舜笮〗 X（H限港澳台地^）,1.4万追番
2743,神秘的世界EL-HAZARD,1.4万追番
2744,苏生龙王传说,1.4万追番
2745,SSSS.DYNAZENON（H限港澳台地^）,1.3万追番
2746,钢铁三国志,1.3万追番
2747,铁胆火车侠 第二季,1.3万追番
2748,少年阿贝 GO!GO!小芝麻 第二季,1.3万追番
2749,进化战记,1.3万追番
2750,高机动幻想～新结行军歌～,1.3万追番
2751,鲁邦三世：炎之记忆 东京危机,1.3万追番
2752,理科生入情W，故LC明。（H限港澳台地^）,1.3万追番
2753,变形金刚 银河之力,1.3万追番
2754,天空c海洋之g（H限港澳台地^）,1.3万追番
2755,佐罗的传说,1.3万追番
2756,Macross Plus 剧场版,1.3万追番
2757,虹色萤火虫～永远的暑假～,1.3万追番
2758,海獭波乐 5th,1.3万追番
2759,鲁邦三世： sweet lost night~魔法的神灯是噩梦的预感~,1.3万追番
2760,王牌鉴定人,1.3万追番
2761,鲁邦三世：雾之谜,1.3万追番
2762,MAPLESTORY,1.3万追番
2763,情髡f the X 第二季（H限港澳台地^）,1.3万追番
2764,宇宙骑士铁甲人,1.3万追番
2765,陆奥圆明流外传 修罗之刻,1.3万追番
2766,翡翠森林狼与羊秘密的朋友,1.3万追番
2767,闪电十一人 第二季 日语,1.3万追番
2768,喷嚏大魔怪,1.3万追番
2769,少女抚子恋爱手册,1.3万追番
2770,我的妹妹小桃子,1.3万追番
2771,皮卡丘，这是什么的钥匙？,1.3万追番
2772,Xi AVANT,1.3万追番
2773,星舰驾驶员,1.3万追番
2774,返乡战士,1.3万追番
2775,甜甜私房猫 第四季 中配版,1.3万追番
2776,神秘岛,1.3万追番
2777,前M吧！登山少女 第二季（H限港澳台地^）,1.3万追番
2778,战争程序员白濑,1.3万追番
2779,勇者王GaoGaiGar Final Grand Glorious Gathering,1.3万追番
2780,鲁邦三世：沃尔特P38,1.2万追番
2781,苍穹之法芙娜 RIGHT OF LEFT,1.2万追番
2782,辣妹c恐（H限台车^）,1.2万追番
2783,科学小飞侠Crowds SP,1.2万追番
2784,神龙之谜,1.2万追番
2785,机动战舰大和抚子 剧场版,1.2万追番
2786,侦探歌剧 少女福尔摩斯 派对之夜,1.2万追番
2787,鲁邦三世：1美元的战争,1.2万追番
2788,D生成蜘蛛又怎樱。H限港澳台地^）,1.2万追番
2789,_焖的世界悠f生活（H限港澳台地^）,1.2万追番
2790,快杰蒸汽侦探团,1.2万追番
2791,笨蛋的悲剧人生,1.2万追番
2792,遥远时空中 紫阳花物语,1.2万追番
2793,最游记OVA 希望之罪过,1.2万追番
2794,勇者指令,1.2万追番
2795,千叶脚踏板,1.2万追番
2796,鲁邦三世：拿破仑词典争夺战,1.2万追番
2797,飙速宅男 Re:GENERATION (2017),1.2万追番
2798,猫猫日本史,1.2万追番
2799,棒球英豪 剧场版,1.2万追番
2800,盗贼王Jing,1.2万追番
2801,轮回的拉格朗日 鸭川日常,1.2万追番
2802,急5秒殊死Y（H限港澳台地^）,1.2万追番
2803,柴犬子,1.2万追番
2804,月光下的世界之旅（H限港澳台地^）,1.2万追番
2805,鲁邦三世：燃烧的斩铁剑,1.2万追番
2806,怪物猎人日记 岌岌可危的猫猫村G,1.2万追番
2807,向阳素描 沙英?寻 毕业篇,1.2万追番
2808,大~集合！小魔女DoReMi 青蛙石的秘密,1.2万追番
2809,砂沙美魔法少女俱乐部 第一季,1.2万追番
2810,无口的森田小姐 OVA,1.2万追番
2811,大运动会,1.2万追番
2812,Happiness! 渡良濑准华丽的一天,1.2万追番
2813,DRIVE HEAD 机动救急警察,1.2万追番
2814,盖塔机器人,1.2万追番
2815,超速变形GYRO ZETTER,1.2万追番
2816,科学小飞侠 OVA（1994）,1.2万追番
2817,侦探歌剧 夏日特别篇,1.2万追番
2818,玻璃舰队,1.2万追番
2819,星界的战旗 星界的纹章,1.2万追番
2820,天才宝贝,1.2万追番
2821,和殿下一起 1分钟剧场,1.2万追番
2822,逮捕令 OVA,1.1万追番
2823,球（H限港澳台地区）,1.1万追番
2824,堀cm村（H限港澳台地^）,1.1万追番
2825,罗德岛战记 享用罗德岛战记,1.1万追番
2826,圣战士丹拜因,1.1万追番
2827,恋爱☆迁都 COI☆SENTO,1.1万追番
2828,一期一会~你的话语~,1.1万追番
2829,南海奇皇,1.1万追番
2830,老虎和兔子：诞生,1.1万追番
2831,少年阿贝 GO!GO!小芝麻 第三季,1.1万追番
2832,KY系JC小空气,1.1万追番
2833,战国无双SP 真田之章,1.1万追番
2834,ChargeMan研,1.1万追番
2835,香蕉怪大叔 呐呐~呐（第一季）,1.1万追番
2836,RD潜脑调查室,1.1万追番
2837,SHOW BY ROCK!! （H限台湾地^）,1.1万追番
2838,圣诞老人公司,1.1万追番
2839,变形金刚 微型传说,1.1万追番
2840,舞武器舞y伎,1.1万追番
2841,未来卡 神搭档对战,1.1万追番
2842,幻影小精灵的主谋者,1.1万追番
2843,机神大战巨型方程式,1.1万追番
2844,Z/X Code reunion（H限台车^）,1.1万追番
2845,F主x者的王重建（H限港澳台地^）,1.1万追番
2846,World Fool News 2,1.1万追番
2847,小小雪精灵,1.1万追番
2848,蓝宝石之谜 剧场版,1.1万追番
2849,星梦手记 声优节目,1.1万追番
2850,破邪大星弹劾凰,1.1万追番
2851,天上天下 终极格斗,1.1万追番
2852,日本第一男人之魂,1.1万追番
2853,}女魔力o所不能（H限港澳台地^）,1.1万追番
2854,野良剧,1.1万追番
2855,向阳素描 特别篇,1.1万追番
2856,飞天少女猪,1.1万追番
2857,柔道少女,1.1万追番
2858,PUNKISS！2次元,1.1万追番
2859,海獭波乐 4th,1万追番
2860,天上天下 THE PAST CHAPTER,1万追番
2861,百变之星 崭新之翼 EXTRA STAGE 不笑的公主,1万追番
2862,星际少年队,1万追番
2863,比得兔（第二季）,1万追番
2864,六神合体雷霆王,1万追番
2865,六翼天使之声,1万追番
2866,火球 魅力之章,1万追番
2867,工作胞 第二季（H限港澳台地^）,1万追番
2868,机械女神J,1万追番
2869,品酒要在成榉蚱拗後（H限台车^）,1万追番
2870,梦幻拉拉,1万追番
2871,足球风云,1万追番
2872,再见了宇宙战舰大和号 爱的战士们,1万追番
2873,传说巨神伊迪安,1万追番
2874,与汪汪喵喵同居的开心日常 中配版,1万追番
2875,生肖奇缘 第二季（H限台车^）,1万追番
2876,少年阿贝 GO!GO!小芝麻 第四季,1万追番
2877,影技,1万追番
2878,好朋友,1万追番
2879,魔神坛斗士 MESSAGE,1万追番
2880,丝缎女孩对谈,9996追番
2881,星方武侠,9988追番
2882,奇幻旅程,9988追番
2883,橙路 ~接着，那个夏天开始~,9986追番
2884,生化体,9959追番
2885,樱花大战 剧场版 樱花大战活动写真,9940追番
2886,舞-乙HiME Zwei,9909追番
2887,白沙的Aquatope（H限港澳台地^）,9816追番
2888,战斗之魂 双重驱动,9805追番
2889,遥远时空中2 白龙之神子,9801追番
2890,噬谎者 OVA,9799追番
2891,神魂合体GODANNAR！！,9791追番
2892,新造人间卡辛（1973）,9737追番
2893,火球 幽默之章,9718追番
2894,宇宙星路,9667追番
2895,地狱幼稚园,9638追番
2896,剧场版 宝石宠物 甜蜜舞蹈公主,9627追番
2897,IDOLiSH7-偶像星-Second Beat!（H限台车^）,9590追番
2898,偶像艋眉溃H限台车^）,9579追番
2899,苍穹之法芙娜 Arcadian memory,9541追番
2900,A.D.特警,9522追番
2901,尼尔斯骑鹅旅行记,9515追番
2902,重战机艾尔盖姆,9489追番
2903,纸箱战机W,9485追番
2904,闪电十一人 GO,9484追番
2905,元气爆发伏魔金刚,9472追番
2906,持m狩C史R姆三百年， 不知不X就到LV MAX（H限港澳台地^）,9467追番
2907,室内鞋库库,9462追番
2908,DECA-DENCE（H限港澳台地^）,9456追番
2909,激战奥雷卡,9431追番
2910,ZEGAPAIN ADP,9423追番
2911,Free!-Road to the World-簦H限港澳及其他地^）,9412追番
2912,银河冒险战记 the second stage,9409追番
2913,遥远时空中3 无尽的命运,9392追番
2914,究极KERORO 奇迹的时空岛,9373追番
2915,学活！ 第二季,9359追番
2916,勇者王GaoGaiGar Final,9346追番
2917,工作胞BLACK（H限港澳台地^）,9305追番
2918,MEGALOBOX C甲拳 第二季（H限港澳台地^）,9278追番
2919,Z计划,9277追番
2920,太阳的使者 铁人28号,9268追番
2921,战国☆天堂 -极-,9246追番
2922,樱花大战 OVA3 燃烧的巴黎,9208追番
2923,黄金勇者,9199追番
2924,告诉我魔法钟摆～莉露莉露妖精莉露～,9136追番
2925,真女神转生 恶魔之子,9097追番
2926,迷宫物语,9096追番
2927,机器人少女Z+,9070追番
2928,熊猫拍拍 日常篇,9067追番
2929,妖怪手表,9065追番
2930,圣诞老人公司 ～圣诞节的秘密～,9026追番
2931,超剧场版 Keroro军曹,9009追番
2932,太空堡垒 第三季,8990追番
2933,驰风！赛艇王 V,8962追番
2934,狗狗向前冲,8952追番
2935,极速方程式,8948追番
2936,科学小飞侠（1972）,8922追番
2937,美少年商F（H限港澳台地^）,8911追番
2938,Hello Kitty 苹果森林 第一季,8906追番
2939,小妇人（中配）,8848追番
2940,碧奇魂,8768追番
2941,熊猫拍拍 饮食篇,8748追番
2942,舞-乙HiME 0～S.ifr～,8747追番
2943,玩偶游戏,8710追番
2944,辛巴达 魔法之灯和移动岛,8706追番
2945,街头霸王 OVA,8697追番
2946,Lapis Re:LiGHTs（H限港澳台地^）,8676追番
2947,愿你在此,8670追番
2948,熊猫拍拍 运动篇,8668追番
2949,CROSS FIGHT 弹珠人,8658追番
2950,小小外星人,8657追番
2951,GEAR战士电童,8653追番
2952,大人的防具店 第二季（H限港澳台地^）,8611追番
2953,巧克力小狗,8584追番
2954,迷你加尔刚蒂亚,8522追番
2955,向阳素描×365 特别篇,8512追番
2956,樱花大战 OVA5 纽约,8506追番
2957,地球变动之日,8502追番
2958,超级马力欧兄弟 拯救桃子公主大作战！,8449追番
2959,石川由依 朗读剧系列UTA-KATA,8433追番
2960,猫怪麦克,8404追番
2961,面包超人：咪嘉和魔法神灯,8376追番
2962,秀逗魔导士 完全无欠版,8368追番
2963,五等分的新娘?（H限港澳台地^）,8308追番
2964,向阳素描×SP,8303追番
2965,n天之拳 REGENESIS（H限港澳台地^）,8275追番
2966,布雷斯塔警长,8218追番
2967,索尼克音爆,8201追番
2968,勇者特急,8186追番
2969,邪神cN二病少女 第二季（H限港澳台及其他地^）,8174追番
2970,希望宅邸3D 第二季,8152追番
2971,Peeping Life×怪兽酒场 怪兽们的所在之处,8143追番
2972,樱花大战 OVA2.5 神崎堇引退纪念,8086追番
2973,^文字D Legend1 -X醒-（H限港澳台地^）,8074追番
2974,魔法骑士雷阿斯 OVA,8058追番
2975,Thunderbolt Fantasy 东离剑游纪2,8048追番
2976,战斗陀螺 第二季,8044追番
2977,圣子到,8035追番
2978,千士（H限港澳台地^）,8022追番
2979,D・N・A2 ~他到底失去了什么？~ OVA,8018追番
2980,河童的饲养方法,8001追番
2981,灵异猎人,7994追番
2982,DI GI CHARAT Nyo,7991追番
2983,闪电十一人GO2 时空之石,7966追番
2984,咕噜咕噜魔法阵 心跳传说,7929追番
2985,舞力四射,7926追番
2986,太空堡垒 第二季,7921追番
2987,忍者战士飞影,7875追番
2988,地球先锋队（中配版）,7857追番
2989,相聚一刻 完结篇,7850追番
2990,非科学定制（广播剧）,7787追番
2991,向阳素描×☆☆☆ 特别篇,7782追番
2992,小妇人,7770追番
2993,爆旋陀螺,7739追番
2994,极道君漫游记,7729追番
2995,向日葵！ 第二季,7704追番
2996,荔枝DE光之俱乐部,7693追番
2997,秀逗魔导士 PREMIUM,7670追番
2998,聪明的一休之反斗公主,7631追剧
2999,星球流浪记,7626追番
3000,七T士 革命 －英雄的^承者－（H限港澳台地^）,7574追番
3001,勇者传说,7550追番
3002,Onyankopon,7549追番
3003,侠猪布塔,7487追番
3004,无口的森田小姐 OAD,7475追番
3005,高机动幻想GPO 第二季,7472追番
3006,GA 艺术科美术设计班 OVA,7456追番
3007,樱花大战 OVA4 崭新的巴黎,7451追番
3008,兔龟 女高网球部外传 SP,7443追番
3009,宠猫学园,7416追番
3010,铁拳小子,7402追番
3011,哨声响起,7399追番
3012,先生，想要I家。（H限港澳台地^）,7390追番
3013,战斗妖精少女 救救我！小Mave,7360追番
3014,机器人少女Z SP,7347追番
3015,森林大帝 1989,7269追番
3016,鲁邦三世：拜拜了自由女神・危机一刻,7269追番
3017,IDOLiSH7-偶像星-Third BEAT!（H台车^）,7249追番
3018,怪物事（H限港澳台地^）,7174追番
3019,八男？e[了！（H限港澳台及其他地^）,7165追番
3020,艋弥星2 EPISODE ORACLE（H限台车^）,7148追番
3021,四圣兽 ～几千个昼与夜篇～,7144追番
3022,秀逗魔导士 GREAT,7130追番
3023,砂沙美魔法少女俱乐部 第二季,7099追番
3024,盖塔机器人G,7081追番
3025,|京ESP （H限港澳台地^）,7042追番
3026,星之海的爱玛丽,6908追番
3027,爱米 -WE LOVE RICE-,6905追番
3028,秀逗魔导士 GORGEOUS,6892追番
3029,火影忍者舞台剧 便服采访篇,6890追番
3030,超剧场版 Keroro军曹3 Keroro 对 Keroro 天空大决战,6882追番
3031,钢琴恋曲,6879追番
3032,笨笨森林日志,6874追番
3033,超速变形螺旋杰特,6873追番
3034,怪盗丽奈,6842追番
3035,黏黏糊糊!!角质君 第2期,6784追番
3036,全力兔子,6771追番
3037,天体战士 第2期,6764追番
3038,玛丽莫之花~最强武斗派小学生传说~,6762追番
3039,如果@叫矍楦杏X很f心（H限港澳台地^）,6734追番
3040,翼神传说 间奏曲：她与她自己,6729追番
3041,莉莉和青蛙和弟弟,6710追番
3042,秀逗魔导士 RETURN,6694追番
3043,野狼前锋,6631追番
3044,地球防卫企业,6615追番
3045,索尼克X,6606追番
3046,香菜酱和她的亲人们,6602追番
3047,秀逗魔导士 EXCELLENT,6585追番
3048,失落的宇宙 黑历史,6572追番
3049,重装甲少女组,6553追番
3050,歌舞伎町夏洛克（H限港澳台地^）,6537追番
3051,不可思议的教室 OVA,6527追番
3052,我立於百f生命之上（第二季）（H限港澳台地^）,6505追番
3053,快乐七人组,6497追番
3054,八月的棒球甜心（H限港澳台地^）,6480追番
3055,铁人28号 2004版,6469追番
3056,面包咪咪,6439追番
3057,橙路 再回到往日,6421追番
3058,热血最强哥修罗,6420追番
3059,如风似云,6364追番
3060,激斗战车（粤语）,6358追番
3061,比得兔（特别篇）,6345追番
3062,格斗美神・武龙,6299追番
3063,n天之拳 REGENESIS 第二季（H限港澳台地^）,6294追番
3064,火影忍者舞台剧 虹桥艺术中心采访篇,6265追番
3065,机甲创世记,6265追番
3066,幸福之祈祷,6257追番
3067,金星战记,6249追番
3068,迷糊餐d（H限港澳台地^）,6230追番
3069,搞怪拍档,6208追番
3070,卡罗尔,6174追番
3071,变形金刚 领袖之证（日版）,6157追番
3072,疾风无敌银堡垒,6140追番
3073,宇宙战舰大和号 复活篇,6081追番
3074,无责任舰长,6076追番
3075,爆丸4 机械波涛,6058追番
3076,宇宙兄弟#0,6055追番
3077,绝对无敌雷神王,6047追番
3078,佐佐桑比,6032追番
3079,猪猪秀 第三季,6030追番
3080,变形金刚 三乘合体,6029追番
3081,天使特警 剧场版 觉醒篇,6027追番
3082,BLUE REFLECTION RAY/危H限港澳台地^）,5996追番
3083,茄子 带着旅行箱的候鸟,5991追番
3084,高_行者 Re:RISE（H限港澳地^）,5936追番
3085,彼得潘的冒险,5907追番
3086,幻想叙谭艾尔西亚,5888追番
3087,文豪野犬 汪！（H限港澳台地^）,5869追番
3088,少女☆歌 Revue Starlight（H限港澳台地^）,5839追番
3089,咪咪流浪记,5821追番
3090,阿信,5816追番
3091,御宅族的影,5799追番
3092,e W林匹克之h（H限台车^）,5775追番
3093,百变之星 不死鸟传说 - 蕾拉?汉密尔顿物语,5759追番
3094,碧奇魂2,5725追番
3095,超能力魔美,5706追番
3096,小痴的下w上:榱顺D管理T不袷侄!（H限台车^）,5701追番
3097,破里拳 Hurricane Polimar,5684追番
3098,[蛲豕肢F之QY(H限港澳台地^),5683追番
3099,铁人28号,5677追番
3100,辛巴达 飞翔公主与秘密之岛,5675追番
3101,橙路 OVA,5671追番
3102,放W後桌[俱凡浚H限港澳台地^）,5670追番
3103,仙乐传说 世界统合篇,5657追番
3104,装甲骑兵 孤影再临,5644追番
3105,地下巧克力 我们的巧克力战争,5621追番
3106,机动战舰大和抚子 OVA,5616追番
3107,宇宙战舰大和号 新的旅程,5608追番
3108,太阳之牙达格拉姆,5607追番
3109,星界的战旗 TV版 星界的战旗I,5589追番
3110,魔术士奥芬 -Revenge-,5575追番
3111,我是国王,5560追番
3112,和殿下一起～眼罩之野心～,5553追番
3113,天空战记 创世前的暗斗,5452追番
3114,鬼缰刃 o限列篇（H限港澳地^）,5439追番
3115,少年好莱坞 第二季,5418追番
3116,超级机器人大战原创世纪 OVA,5359追番
3117,微星小超人,5340追番
3118,野良耳,5274追番
3119,星合之空（H限台车^）,5260追番
3120,y河英雄髡f：全新命} 星y（H限港澳台地^）,5240追番
3121,决斗大师 VSRF,5234追番
3122,展开骑士,5228追番
3123,樱花大战 OVA2轰华绚烂,5199追番
3124,非人生（H限台车^）,5181追番
3125,芝居 第八季（H限港澳台地^）,5137追番
3126,美妙射舨 / RIFLE IS BEAUTIFUL（H限台车^）,5123追番
3127,异次元的世界 El Hazard,5108追番
3128,前M吧！登山少女（H限台车^）,5103追番
3129,女棒甲子园,5103追番
3130,新战神金刚：传奇的保护神 第四季,5101追番
3131,宇宙战舰大和号 完结篇,5099追番
3132,昨日之歌（H限台车^）,5074追番
3133,直白标题机器人动画,5073追番
3134,伊甸少年,5057追番
3135,危险调查员,5055追番
3136,天使特警 剧场版 黎明篇,5052追番
3137,再了，我的克拉默（H限港澳台地^）,5029追番
3138,玻璃兔,5015追番
3139,先驱少女的日常茶饭事,4988追番
3140,C魔武士/GIBIATE（H限港澳台地^）,4973追番
3141,银河铁道物语II 永远的分歧点,4965追番
3142,超时空骑团,4905追番
3143,水晶国传说,4901追番
3144,比方f，@是出身魔王P附近的少年在新手村生活的故事（H限港澳台地^）,4898追番
3145,热血人面犬,4866追番
3146,剧场传说,4862追番
3147,怪力少女,4815追番
3148,希曼的新冒险,4814追番
3149,N神小家（H限台车^）,4806追番
3150,再造人卡辛（OVA）,4792追番
3151,W十一人GO y河篇（H限港澳台地^）,4785追番
3152,募儆⑿郏H限港澳台地^）,4779追番
3153,时空转抄纳斯卡,4771追番
3154,Hello Kitty 苹果森林 第二季,4757追番
3155,盖塔机器人 剧场版,4753追番
3156,雾熊s,4741追番
3157,星梦手记 广播节目,4732追番
3158,s定的艋u 第二季（H限港澳台）,4706追番
3159,N神小家 第二季（H限台车^）,4690追番
3160,银河铁道物语 被遗忘时间的惑星,4690追番
3161,星梦手记 生放送,4687追番
3162,灵犬雪丽,4681追番
3163,悠悠哉哉少女日和 第三季（H限港澳台地^）,4662追番
3164,HEROMAN（中配版）,4631追番
3165,Di Gi Charat Panyo Panyo,4630追番
3166,苍之流星SPT雷兹纳,4627追番
3167,乒乓（H限港澳台地^）,4592追番
3168,银河天使Z,4575追番
3169,奥运高手,4561追番
3170,仙乐传说 迪赛雅兰篇,4540追番
3171,C鹗扛哌_ THE ORIGIN IV：命\的前夜（H限港澳台地^）,4516追番
3172,白 Project ZERO CHRONICLE（H限台车^）,4507追番
3173,急救超人兵团,4506追番
3174,GR铁甲人,4504追番
3175,天使特警 剧场版 泛滥篇,4489追番
3176,机械女神J to X,4479追番
3177,风－心之呼吸 OVA,4475追番
3178,我要上太空,4425追番
3179,新战神金刚：传奇的保护神 第二季,4419追番
3180,麻衣的魔法和家庭日,4388追番
3181,高_行者RE: RISE 2nd Season（H限港澳地^）,4369追番
3182,波波罗古洛伊斯物语,4354追番
3183,零秒出手 第二季,4340追番
3184,PIKO太郎的摇篮曲,4267追番
3185,放W後堤防日I（H限台车^）,4262追番
3186,激斗战车（中文）,4262追番
3187,超时空世纪ORGUSS,4253追番
3188,科学小飞侠F（1979）,4245追番
3189,Akubi girl,4239追番
3190,银河冒险战记 胎动篇,4239追番
3191,贮金大冒险,4234追番
3192,G的也要R克杯（H限港澳台地^）,4230追番
3193,立食师列传,4213追番
3194,无敌超人赞波3,4180追番
3195,弱角友崎同W（H限港澳台地^）,4175追番
3196,影章（H限台车^）,4174追番
3197,歌∩倥！！（H限港澳台地^）,4156追番
3198,小白角,4149追番
3199,银河冒险战记 激斗篇,4144追番
3200,Angolmois 元寇合鹩（H限港澳台地^）,4140追番
3201,雪之女王,4127追番
3202,虽然是玻璃假面 2013版,4098追番
3203,新鸦ù the Animation（H限港澳台地^）,4093追番
3204,科学小飞侠II（1978）,4093追番
3205,我的波吧（H限港澳台及其他地^）,4064追番
3206,花牌情 第三季（H限台车^）,4064追番
3207,金属对决 战斗陀螺 ZERO G,4054追番
3208,闪电十一人GO 究极之绊 狮鹫兽,3983追番
3209,C鹗扛哌_ THE ORIGIN III：破云鹆x（H限港澳台地^）,3898追番
3210,究极超人R,3897追番
3211,神秘的世界EL-HAZARD OVA,3871追番
3212,新战神金刚：传奇的保护神 第六季,3869追番
3213,八神君的家庭事件,3852追番
3214,永远的大和号,3851追番
3215,神魂合体GODANNAR！！ 第二季,3794追番
3216,相聚一刻番外篇 一刻岛飘流记,3756追番
3217,消防员山姆,3751追番
3218,的地平 A桌崩模H限港澳台地^）,3740追番
3219,LISTENERS（H限港澳台及其他地^）,3707追番
3220,钢铁杰克,3690追番
3221,新战神金刚：传奇的保护神 第三季,3662追番
3222,铃铛猫娘 夏季特别篇 2000,3640追番
3223,大小姐搜查网,3636追番
3224,The Snack World,3632追番
3225,甜心鹗 Universe（H限港澳台地^）,3627追番
3226,NEXT战记EHRGEIZ,3606追番
3227,我家三姐妹,3594追番
3228,魔法律事账 第二季（H限港澳台地^）,3582追番
3229,银河战国群雄传,3573追番
3230,Y者W大 Re:RISE（H限台车^）,3561追番
3231,科学小飞侠 THE MOVIE,3545追番
3232,SK8 the Infinity（H限港澳台地^）,3543追番
3233,至尊勇者,3541追番
3234,梦幻骑士IV 时之旅人,3533追番
3235,病毒,3531追番
3236,幻梦战记莉达,3529追番
3237,新战神金刚：传奇的保护神 第五季,3528追番
3238,闪电十一人 最强军团王牙来袭,3518追番
3239,铁人28号 白昼之残月,3517追番
3240,芝居9（H限港澳台地^）,3510追番
3241,地球L（H限港澳台地^）,3486追番
3242,1磅的福音,3481追番
3243,Y者W大 Re:RISE 第二季（H限台车^）,3418追番
3244,苏希的动物园,3404追番
3245,机械女神R,3390追番
3246,小痴的下w上:榱顺D管理T不袷侄! 第二部（H限台车^）,3363追番
3247,铃铛猫娘 圣诞特别篇,3357追番
3248,精神力量,3316追番
3249,星界的战旗 星界的战旗III,3287追番
3250,3年D班玻璃假面,3278追番
3251,魔法阵都市 剧场版 上篇,3255追番
3252,野良耳,3255追番
3253,超时空世纪02,3253追番
3254,铃铛猫娘 赏花特别篇,3249追番
3255,警察战车队 TANK S.W.A.T.,3213追番
3256,银河四驱车,3181追番
3257,C鹗扛哌_ THE ORIGIN I：n瞳的卡斯巴（H限港澳台地^）,3180追番
3258,天命神童,3164追番
3259,星界的战旗TV版 星界的战旗II,3156追番
3260,厨病激发BOY（H限台车^）,3150追番
3261,ARGONAVIS from BanG Dream！（H限台车^）,3143追番
3262,叫我Υ蟾纾H限港澳台地^）,3140追番
3263,uL少女!! STARS!!（H限港澳台地^）,3123追番
3264,大运动会 OVA,3123追番
3265,YAT安心！宇宙旅行,3107追番
3266,激战！弹珠人 第二季,3094追番
3267,弹道,3075追番
3268,VS骑士弹珠汽水&40炎,3069追番
3269,真白之音（H限港澳台地^）,3055追番
3270,无敌王,3028追番
3271,百变之星 妙啊！妙！,3024追番
3272,IDOLY PRIDE（H限港澳台地^）,3002追番
3273,天才傻瓜 复活的弗兰德之犬,3001追番
3274,格斗小霸王,2995追番
3275,超电动机器人 铁人28号FX,2975追番
3276,秋叶原电脑组 2011年的暑假,2967追番
3277,小彼索,2966追番
3278,超时空游侠,2953追番
3279,爆TECH！爆丸,2941追番
3280,超机甲发明小子,2925追番
3281,战斗陀螺 剧场版,2912追番
3282,MIX（H限台车^）,2906追番
3283,辛巴达 真昼之夜与不可思议之门,2888追番
3284,社L，痿Y的rg到了！（H限台车^）,2875追番
3285,魔法提琴手 剧场版,2842追番
3286,BACK ARROW（H限港澳台地^）,2839追番
3287,非人生 第二季 （H限台车^）,2837追番
3288,剧场版 虽然是玻璃假面,2829追番
3289,昆虫小精灵,2825追番
3290,R娘四格（H限台车^）,2821追番
3291,Peeping Life -The Perfect Edit,2820追番
3292,暗黑之猫 Dark Cat,2819追番
3293,铁甲飞天侠,2804追番
3294,史诗创造者年代纪,2784追番
3295,海豚便利店,2747追番
3296,Fairym丸（H限港澳台地^）,2746追番
3297,小双侠,2735追番
3298,驰风！赛艇王,2720追番
3299,地狱堂灵界通信,2712追番
3300,机甲创世记 OVA,2679追番
3301,C鹗扛哌_ THE ORIGIN II：悲哀的阿黛西（H限港澳台地^）,2657追番
3302,罐装萌兽,2644追番
3303,银河漂流VIFAM,2621追番
3304,s鹂袢外鳎H限港澳台地^）,2594追番
3305,魔法阵都市 剧场版 下篇,2573追番
3306,浪漫追星社 特典,2570追番
3307,阿蒂（H限台车^）,2558追番
3308,雅诺斯的梦幻,2530追番
3309,机械女神J again,2525追番
3310,拉链超人组,2522追番
3311,铃铛猫娘 暑假特别篇,2508追番
3312,天地造O部（H限港澳台地^）,2499追番
3313,Infini-T Force（H限港澳台地^）,2498追番
3314,最强机器人 大王者,2495追番
3315,怪病t拉姆尼（H限港澳台地^）,2484追番
3316,少年桑塔的大冒险,2457追番
3317,超地下偶像,2437追番
3318,怪侠佐罗利 第一季,2436追番
3319,圣战士登拜因 OVA,2417追番
3320,加州危机,2409追番
3321,我的小行星【中文】,2400追番
3322,咬屁屁虫 第一季,2392追番
3323,裸狼,2388追番
3324,宇宙战舰山本洋子,2388追番
3325,敌人是海盗- 猫们的飨宴,2367追番
3326,卡姆伊之剑,2327追番
3327,美新世界 The Animation（H限港澳台地^）,2319追番
3328,踢向明天,2302追番
3329,小小雪精灵 夏季特别篇,2296追番
3330,魔天战神 OVA,2254追番
3331,香蕉喵 不可思h的夥伴（H限港澳台地^）,2246追番
3332,科学小飞侠 特番,2221追番
3333,ALL OUT!!（H限台湾地^）,2204追番
3334,机甲界卡利安,2202追番
3335,网络争霸战,2199追番
3336,和殿下一起,2140追番
3337,轰烈弹珠人,2119追番
3338,决斗大师VS,2088追番
3339,农业娘,2081追番
3340,神秘的世界 EL-HAZARD 2 OVA,2057追番
3341,无敌龙卷风,2054追番
3342,火圣旅团999.9,2049追番
3343,巴塔木自然拼读系列儿歌,2047追番
3344,阿大是我哥,2041追番
3345,Doamaiger D,2038追番
3346,Praeter之（H限港澳台地^）,2034追番
3347,宇宙战舰山本洋子II,2034追番
3348,蓝色计划 地球SOS,2031追番
3349,成为偶像www,2028追番
3350,决斗大师VSR,2022追番
3351,铃铛猫娘 新年特别篇,2019追番
3352,HEROMAN短篇,1976追番
3353,勇者指令 OVA,1946追番
3354,忍空,1942追番
3355,n之T士F(H限港澳台地^）,1936追番
3356,WASIMO,1936追番
3357,练马萝卜兄弟,1919追番
3358,银河烈风,1911追番
3359,巴塔木故事 第一季,1897追番
3360,万能蔬菜卜卜侠,1870追番
3361,演∨枷瘢H限港澳台地^）,1840追番
3362,银河疾风,1835追番
3363,铁子之旅,1708追番
3364,船梨精摇摇摇日和,1665追番
3365,拳王创世纪1 影道篇,1647追番
3366,Active Raid -Cu室第八n- 2nd（H限港澳台地^）,1580追番
3367,完全胜利大帝王,1573追番
3368,鼠来宝(第一季）,1569追番
3369,决斗大师Victory V,1547追番
3370,大\ ReSTART！（H限港澳台地^）,1545追番
3371,重战机艾尔盖姆 OVA,1543追番
3372,决斗大师 Victory,1526追番
3373,夏目友人 臼者c怪的L客（H限港澳台地^）,1525追番
3374,b甲娘C（H限港澳台地^）,1514追番
3375,超能力魔美 星空的跳舞娃娃,1496追番
3376,彻之进,1481追番
3377,宇宙魔神大剑豪,1473追番
3378,小双侠 新双侠机械大集合！玩具国大决战，骰子！,1418追番
3379,舞蹈精灵clinoppe,1416追番
3380,浦u坂田船的日常（H限台车^）,1401追番
3381,合身战队机器人MECHANDER,1401追番
3382,魔g士W菲 流浪之旅 基姆拉克篇（H限港澳台地^）,1398追番
3383,舞伎家的料理人（H限港澳台地^）,1393追番
3384,无责任舰长OVA,1390追番
3385,巴塔木流行儿歌 第三季,1388追番
3386,铁鼻子,1375追番
3387,无责任舰长 特别篇 孤独一人的战争,1359追番
3388,少年剑道王直角,1332追番
3389,赤足小子2,1332追番
3390,爆TECH!爆丸 激撞,1326追番
3391,咬屁屁虫 第四季,1312追番
3392,寿司忍者,1302追番
3393,超人战队BARATTACK,1297追番
3394,苍之流星SPT雷兹纳 OVA,1294追番
3395,团地友夫,1271追番
3396,熊猫拍拍 职业篇,1247追番
3397,2.43清高校男子排球部（H限港澳台地^）,1243追番
3398,交给你了!奇迹猫团,1243追番
3399,古町与团五郎,1229追番
3400,嚏大魔王2020（H限台车^）,1175追番
3401,绝对无敌雷神王OVA,1172追番
3402,花踊冰Stars（H限港澳台地^）,1138追番
3403,怪侠佐罗利 谜之宝物大作战,1100追番
3404,钢铁杰克 剧场版,1093追番
3405,睡衣小英雄,1069追番
3406,WASIMO 第三季,1061追番
3407,星际赛车,1055追番
3408,机甲界卡利安 OVA,1024追番
3409,超爆裂异次元卡片大战,1010追番
3410,爆斗宣言大钢弹,993追番
3411,猴兔超人,984追番
3412,怪侠佐罗利 第二季,982追番
3413,咬屁屁虫 第二季,969追番
3414,WAVE!! ~硇n浪吧!!~（H限台车^）,952追番
3415,怪侠佐罗利 第三季,929追番
3416,决斗大师 Victory V3,929追番
3417,睡衣小英雄 第三季,926追番
3418,企鹅掌门人,919追番
3419,熊猫拍拍 应援团篇,909追番
3420,Good Morning!!! DORONJO,897追番
3421,鼠来宝(第三季）,890追番
3422,春之笛,877追番
3423,流星机学生霸,874追番
3424,WASIMO 第二季,837追番
3425,睡衣小英雄 第二季,816追番
3426,鼠来宝 英文版(第一季）,703追番
3427,鼠来宝(第二季）,551追番
3428,巴塔说 第二季,517追番
3429,鼠来宝 英文版(第三季）,420追番
3430,鼠来宝 英文版(第二季）,329追番
3431,教教我吧 北S！（H限港澳台地^）,316追番
